signal_date,v5|0,v5|1,공분산: Parkinson 60일|0,공분산: Parkinson 60일|1,공분산: Parkinson 252일|0,공분산: Parkinson 252일|1,공분산: Garman-Klass 60일|0,공분산: Garman-Klass 60일|1,공분산: Yang-Zhang 60일|0,공분산: Yang-Zhang 60일|1,공분산: Yang-Zhang 252일|0,공분산: Yang-Zhang 252일|1,공분산: 종가 60일 변동성|0,공분산: 종가 60일 변동성|1,비중: 정식 QP 최소분산|0,비중: 정식 QP 최소분산|1,비중: 최대 분산화|0,비중: 최대 분산화|1,비중: 신호 평균-분산|0,비중: 신호 평균-분산|1,비중: 최소분산+신호MV 반반|0,비중: 최소분산+신호MV 반반|1,롱: 시총 3구간 중립 SUR|0,롱: 시총 3구간 중립 SUR|1,롱: 회전율 3구간 중립 SUR|0,롱: 회전율 3구간 중립 SUR|1,롱: SUR − 0.25×커버일수|0,롱: SUR − 0.25×커버일수|1,롱: 롤링 FM 2단계|0,롱: 롤링 FM 2단계|1,숏: 커버일수 + 0.25×하향리비전|0,숏: 커버일수 + 0.25×하향리비전|1,숏: 커버일수 + 0.5×하향리비전|0,숏: 커버일수 + 0.5×하향리비전|1,숏: KOSPI200 시총 상위 100 (18%)|0,숏: KOSPI200 시총 상위 100 (18%)|1,비중: 정식 QP 최소분산 (수정)|0,비중: 정식 QP 최소분산 (수정)|1,공분산: GK 20일|0,공분산: GK 20일|1,공분산: GK 40일|0,공분산: GK 40일|1,공분산: GK 60일|0,공분산: GK 60일|1,공분산: GK 120일|0,공분산: GK 120일|1,공분산: Parkinson 20일|0,공분산: Parkinson 20일|1,공분산: Parkinson 40일|0,공분산: Parkinson 40일|1,공분산: Parkinson 120일|0,공분산: Parkinson 120일|1,공분산: GK 지수가중 (반감 20일)|0,공분산: GK 지수가중 (반감 20일)|1,공분산: 종가 지수가중 (반감 20일)|0,공분산: 종가 지수가중 (반감 20일)|1,GK60 + 상관 창 126일|0,GK60 + 상관 창 126일|1,GK60 + 상관 창 504일|0,GK60 + 상관 창 504일|1,GK60 + 정식 QP|0,GK60 + 정식 QP|1,GK60 + 시총 중립 SUR|0,GK60 + 시총 중립 SUR|1,GK60 + 롤링 FM 2단계|0,GK60 + 롤링 FM 2단계|1,GK60 + 숏 매월 교체|0,GK60 + 숏 매월 교체|1,v5 + 숏 매월 교체|0,v5 + 숏 매월 교체|1,GK60 (2차 기준)|0,GK60 (2차 기준)|1,비선형 수축 NLS|0,비선형 수축 NLS|1,NLS + GK 변동성|0,NLS + GK 변동성|1,상관 LW 수축|0,상관 LW 수축|1,상관 LW + GK 변동성|0,상관 LW + GK 변동성|1,PCA 1팩터|0,PCA 1팩터|1,PCA 3팩터|0,PCA 3팩터|1,PCA 5팩터|0,PCA 5팩터|1,PCA 3팩터 + GK 변동성|0,PCA 3팩터 + GK 변동성|1,PCA 5팩터 + GK 변동성|0,PCA 5팩터 + GK 변동성|1,NLS + GK + 시총중립 SUR|0,NLS + GK + 시총중립 SUR|1,GK지수 + 숏 매월|0,GK지수 + 숏 매월|1,Parkinson120 + 숏 매월|0,Parkinson120 + 숏 매월|1,종가지수 + 숏 매월|0,종가지수 + 숏 매월|1,NLS + GK지수 + 숏 매월|0,NLS + GK지수 + 숏 매월|1,GK지수 + 상관 504일|0,GK지수 + 상관 504일|1,GK지수 + 상관 504일 + 숏 매월|0,GK지수 + 상관 504일 + 숏 매월|1,기준: GK지수+상관504+숏매월|0,기준: GK지수+상관504+숏매월|1,GK지수 반감 10 + 상관504 + 숏매월|0,GK지수 반감 10 + 상관504 + 숏매월|1,GK지수 반감 40 + 상관504 + 숏매월|0,GK지수 반감 40 + 상관504 + 숏매월|1,GK지수 반감 60 + 상관504 + 숏매월|0,GK지수 반감 60 + 상관504 + 숏매월|1,종가지수 반감 10 + 숏매월|0,종가지수 반감 10 + 숏매월|1,종가지수 반감 40 + 숏매월|0,종가지수 반감 40 + 숏매월|1,종가지수 반감 60 + 숏매월|0,종가지수 반감 60 + 숏매월|1,기준 + 다리 위험 균형|0,기준 + 다리 위험 균형|1,종가지수 + 숏매월 + 다리 위험 균형|0,종가지수 + 숏매월 + 다리 위험 균형|1,기준 + 롱 8%|0,기준 + 롱 8%|1,기준 + 롱 12%|0,기준 + 롱 12%|1,기준 + 숏 8%|0,기준 + 숏 8%|1,기준 + 숏 12%|0,기준 + 숏 12%|1
2016-12-29,-0.0117527309712649,-0.0117527309712649,-0.0153542532838646,-0.0153542532838646,-0.0003282746654084,-0.0003282746654084,-0.0115170493483693,-0.0115170493483693,-0.0195599589179994,-0.0195599589179994,-0.0064830315059366,-0.0064830315059366,-0.0344841665991024,-0.0344841665991024,-0.0084211930081817,-0.0084211930081817,0.0014403726073214,0.0014403726073214,-0.069768336165064,-0.069768336165064,-0.0407605335681645,-0.0407605335681645,-0.0058206327700797,-0.0058206327700797,-0.002798556454731,-0.002798556454731,-0.0055049935043047,-0.0055049935043047,-0.0054849685409946,-0.0054849685409946,0.0061956916925476,0.0061956916925476,0.0196094966990199,0.0196094966990199,-0.0204174181559064,-0.0204174181559064,-0.0084211930081817,-0.0084211930081817,-0.0114007302807083,-0.0114007302807083,-0.0137170628433011,-0.0137170628433011,-0.0115170493483693,-0.0115170493483693,-0.002595616051328,-0.002595616051328,-0.0157678860718095,-0.0157678860718095,-0.0187902380623469,-0.0187902380623469,-0.0044017069226885,-0.0044017069226885,-0.0105608824694532,-0.0105608824694532,-0.0350542297081213,-0.0350542297081213,-0.0108834438859032,-0.0108834438859032,-0.0255428871572252,-0.0255428871572252,-0.0069610534436218,-0.0069610534436218,-0.0048485914901156,-0.0048485914901156,-0.001740053844335,-0.001740053844335,-0.0115170493483693,-0.0115170493483693,-0.0117527309712649,-0.0117527309712649,-0.0105608824694532,-0.0105608824694532,-0.0078287701853086,-0.0078287701853086,-0.0103164484344741,-0.0103164484344741,-0.0147715316520418,-0.0147715316520418,-0.0075062422469088,-0.0075062422469088,-0.0167344627859499,-0.0167344627859499,-0.0121442854384435,-0.0121442854384435,-0.0225575007028793,-0.0225575007028793,-0.0080052022666106,-0.0080052022666106,-0.0106540453463833,-0.0106540453463833,-0.0041361583532938,-0.0041361583532938,-0.0105608824694532,-0.0105608824694532,-0.0044017069226885,-0.0044017069226885,-0.0350542297081213,-0.0350542297081213,-0.0103164484344741,-0.0103164484344741,-0.0238520824398202,-0.0238520824398202,-0.0238520824398202,-0.0238520824398202,-0.0238520824398202,-0.0238520824398202,-0.0179244948836382,-0.0179244948836382,-0.0221472935731575,-0.0221472935731575,-0.0185152143412614,-0.0185152143412614,-0.0375412457399987,-0.0375412457399987,-0.0285999065746737,-0.0285999065746737,-0.0227371294763534,-0.0227371294763534,-0.0238520824398202,-0.0238520824398202,-0.0350542297081213,-0.0350542297081213,-0.0221855098889902,-0.0221855098889902,-0.0070045781486394,-0.0070045781486394,-0.0273836255039633,-0.0273836255039633,-0.0285208356700366,-0.0285208356700366
2017-01-31,-0.0108459315687019,-0.0139742641097384,-0.027994137884427,-0.0295662973220135,-0.0170538907805889,-0.0200748239172794,-0.0291068026979052,-0.0307359363954993,-0.0259861490942937,-0.0280511895237065,-0.0157433433924786,-0.0190546827534307,-0.0151085235019305,-0.0163058925518241,-0.0074565411715714,-0.0110626409590288,-0.0249942511875478,-0.0334346365273294,-0.033634079591515,-0.0386243687416594,-0.0220638199401702,-0.0261088314856789,-0.0159025171912005,-0.019030849732237,-0.0178944185496358,-0.0210227510906723,-0.0225920465456805,-0.0258442095455908,-0.0034840744802056,-0.0103724668704349,-0.013018870131223,-0.0206085548816615,-0.0074330008624681,-0.0200942830929491,-0.0353957217108978,-0.0385051922690636,-0.0074565411715714,-0.0110626409590288,-0.0471032112384044,-0.0485278551391769,-0.0418975821739722,-0.0445442762354934,-0.0291068026979052,-0.0307359363954993,-0.0316474432311795,-0.0340304806047724,-0.0417958602097546,-0.0433361492502645,-0.0406458927395278,-0.0435100036879566,-0.0296823885452177,-0.0320228505773789,-0.036543693257605,-0.0385364305524214,-0.0220698401529096,-0.0239313562700885,-0.0232192523198057,-0.027094012217608,-0.034815916715478,-0.0359000648676799,-0.0285321721784685,-0.0300405250061874,-0.0358761784825364,-0.0375053121801305,-0.0210079431846446,-0.0262535313720517,-0.0307359363954993,-0.0307359363954993,-0.0139742641097384,-0.0139742641097384,-0.036543693257605,-0.0385364305524214,-0.0094472620261937,-0.0107516977204234,-0.0333061153506797,-0.0343571997745198,-0.0085727349748075,-0.0115077338969841,-0.0387803135652515,-0.0415422132054199,-0.0032382371425511,-0.0030493563194925,0.0043742126199475,0.0055838820635694,-0.0002200807025652,-0.0051349584428541,-0.032904884433517,-0.0349933467235657,-0.0346218210209604,-0.0397448069815679,-0.0378323940102744,-0.0388834784341145,-0.0385364305524214,-0.0385364305524214,-0.0320228505773789,-0.0320228505773789,-0.0239313562700885,-0.0239313562700885,-0.0343571997745198,-0.0343571997745198,-0.0398780200625406,-0.0411400351959217,-0.0411400351959217,-0.0411400351959217,-0.0411400351959217,-0.0411400351959217,-0.0506262646183515,-0.0506262646183515,-0.034034954863797,-0.034034954863797,-0.0300798518872751,-0.0300798518872751,-0.032551961835133,-0.032551961835133,-0.0177868535935954,-0.0177868535935954,-0.0132774583587773,-0.0132774583587773,-0.0332887768873066,-0.0332887768873066,-0.0178204433859349,-0.0178204433859349,-0.0514036777626163,-0.0514036777626163,-0.039016896223746,-0.039016896223746,-0.0425941166586554,-0.0425941166586554,-0.0433705862346867,-0.0433705862346867
2017-02-28,0.0004996727393196,0.0035599138116861,-0.0183884835377945,-0.0114867107924949,-0.0040279389774431,0.002851831575405,-0.0183390189895167,-0.011956963312401,-0.0177162058583352,-0.0159397418998922,-0.0014612510438589,0.0037778989536349,-0.0039947238433904,0.0013968815666459,0.0016410357878759,0.004556118976005,0.0002898282202636,0.0010628363577842,0.0398158749138764,0.0362166731217517,0.0206528133531171,0.020081305740898,-0.0114731181663228,-0.0007688873180245,-0.0025108920273749,0.0004364528164653,-0.0044999566473338,0.0038357801990061,-0.0049651723862331,0.0049186247343338,0.0077317749492874,0.0027519108776247,0.0293738611315045,-0.0152206998133523,-0.0129110384750262,-0.0315932349735152,0.0016410357878759,0.004556118976005,-0.006791750881873,-0.0068907422978177,-0.0156662120795727,-0.0111830203768586,-0.0183390189895167,-0.011956963312401,-0.0142529086821407,-0.0076556383821777,-0.0032168967700345,-0.0021708190027963,-0.0121192665316442,-0.0073714173860307,-0.0144996489710018,-0.0073133547990817,-0.0142458241777078,-0.0112367632622075,-0.0010150572786337,0.0037030442639208,-0.0299741734525994,-0.0209496602481477,-0.0055389641889077,-0.0013454449657626,-0.0174997529419822,-0.0106884571679667,-0.027118681685945,-0.0155387815834448,-0.0222346789465356,-0.0043507153232198,-0.0176607851110579,-0.0176607851110579,0.0008980050306019,0.0008980050306019,-0.0142458241777078,-0.0112367632622075,0.0018115347513848,0.0043388705577334,-0.0142311672281011,-0.0122788988392305,0.0042804562850368,0.0066459271770163,-0.0131687080956272,-0.0101463949908047,0.0110648135200912,0.0184315884036513,-0.001296610938948,0.0047617994245221,-0.003878193115289,-0.0041591432007628,-0.0183170839645072,-0.0188032311917025,-0.0215837948088778,-0.0257033695909079,-0.0213979416206797,-0.0146112332098727,-0.0136894200334148,-0.0136894200334148,-0.0144471149318137,-0.0144471149318137,0.0014779490124592,0.0014779490124592,-0.0139575240419543,-0.0139575240419543,-0.0029818539569111,-0.0014837066440588,-0.0014760248345368,-0.0014760248345368,-0.0014760248345368,-0.0014760248345368,-0.0010473208276725,-0.0010473208276725,0.0016999562637543,0.0016999562637543,0.0036771482445652,0.0036771482445652,0.0022763015823108,0.0022763015823108,-5.174684026029784e-05,-5.174684026029784e-05,-0.0009360937795098,-0.0009360937795098,0.0052361485357355,0.0052361485357355,0.0064950720562458,0.0064950720562458,-0.0046332292842981,-0.0046332292842981,-0.0028565966390097,-0.0028565966390097,0.0133003543185611,0.0133003543185611,-0.0022629014021239,-0.0022629014021239
2017-03-31,0.0091832838772087,-0.0337178777572627,0.016962858031828,-0.0282580891508795,0.011478476530744,-0.0441363382697442,0.0208463990168785,-0.0242032854630891,0.02048019989639,-0.0186700013240728,0.0120453918910071,-0.0419023999417644,0.0096800556135493,-0.0324404812292866,0.0088338206975261,-0.0349808708568095,0.0162309681205078,-0.0065281427791342,-0.001558731647265,-0.0644502375963646,0.0039641945493638,-0.0488427238845299,0.0106478198375135,-0.0318749836895692,0.0099398571352213,-0.0335501709631086,-0.0053255405596084,-0.0366653464959726,0.0033198374723204,-0.0301477106782064,-0.0191557494856227,-0.0363597015368263,-0.0209076033150157,-0.0385979214578869,-0.0444191657234203,-0.0067228620699904,0.0088338206975261,-0.0349808708568095,0.0243885395391972,-0.0454539701739611,0.0211873279285431,-0.0249502256024948,0.0208463990168785,-0.0242032854630891,0.0158106222263304,-0.0390654182604031,0.021146568226873,-0.049721321450865,0.0174380045324249,-0.0287638612463886,0.013082572756697,-0.0402959401884813,0.0211124558675999,-0.0340170112774179,0.0118465905857691,-0.0451023857232574,0.0158217262407792,-0.0351201817487804,0.0269672012970522,-0.0244232641848821,0.021966517837842,-0.022891530585029,0.0197055754789157,-0.0251026535404739,0.0160049312900594,-0.0198978392883072,-0.0234496160515958,-0.0234496160515958,-0.0296216220632801,-0.0296216220632801,0.0211124558675999,-0.0340170112774179,0.0102398299917969,-0.0379754424237063,0.01959086083116,-0.035149965519104,0.0084370532764928,-0.0412136599874522,0.0225763642291992,-0.0307721352766214,0.0047985339031583,-0.0384893594408152,0.0087847873025029,-0.0411632704135617,0.0061562577013017,-0.0535498386255143,0.0252517358567505,-0.0324633710205241,0.0225799506462136,-0.045556617568649,0.0196010943247602,-0.0349743955337145,-0.0320329179936421,-0.0320329179936421,-0.0358946738626581,-0.0358946738626581,-0.0472133836116857,-0.0472133836116857,-0.0341664587205334,-0.0341664587205334,0.0268633721864414,-0.0354038034119832,-0.0320359240169919,-0.0320359240169919,-0.0320359240169919,-0.0320359240169919,-0.0390804458374806,-0.0390804458374806,-0.0335203740439802,-0.0335203740439802,-0.0334686441534412,-0.0334686441534412,-0.0543809001263941,-0.0543809001263941,-0.0438048814195947,-0.0438048814195947,-0.0416481539089557,-0.0416481539089557,-0.0278358382140194,-0.0278358382140194,-0.0425127214681085,-0.0425127214681085,-0.027745358541486,-0.027745358541486,-0.0280250052563342,-0.0280250052563342,0.0356569441093202,0.0356569441093202,-0.0323803291789641,-0.0323803291789641
2017-04-28,-0.0237355833858967,0.0075353236301417,-0.0311900845446669,-0.0004185044646121,-0.0293302379929666,-0.003730668727217,-0.0330898185622679,-0.0059906135389845,-0.0243443792333544,0.0026165011944892,-0.0190822176056818,0.0043738914710919,-0.0164748794339279,0.0134536809267096,-0.0218386724635741,0.0104461062107983,-0.018313283451819,0.021211785146049,-0.0396903999612808,-0.0319637467917508,-0.031501983458668,-0.012061831799448,-0.0214798231448161,0.0104612926979672,-0.0354651384518874,0.007631915841105,-0.0176119543146155,0.0105537752628786,-0.0471494304055692,-0.0194478188536321,-0.0244005744361096,-0.0224736211583887,-0.018043888298131,-0.0322258407269711,-0.0206220356256648,-0.018603353689337,-0.0218386724635741,0.0104461062107983,-0.0363866571651954,0.0023290888771864,-0.0434294442848184,-0.0096411362749787,-0.0330898185622679,-0.0059906135389845,-0.0273612641404042,-0.005330379246596,-0.0365518142322525,0.005396432079884,-0.0429868224357446,-0.0064356522769133,-0.026229697157176,-0.0012511883898438,-0.0353775085112447,-0.0019216582659521,-0.0249849564870394,0.0154667613605906,-0.0278710601511625,-0.0024278561575039,-0.0477972554302238,-0.0283752156973018,-0.0331730121452547,-0.0061571198468455,-0.0362222990079616,-0.0088121295308655,-0.044520190591794,-0.0214777305184757,-0.0274561901678315,-0.0274561901678315,-0.0129659257990942,-0.0129659257990942,-0.0353775085112447,-0.0019216582659521,-0.0242433805627794,0.0077452033754668,-0.0363065457192707,-0.0031330747909306,-0.0277711017785036,0.0031053233504392,-0.0355349504013086,-0.0017727996491182,-0.0208092717099857,0.0053295282018984,-0.0293785733538427,0.0086831654877396,-0.0226852714351606,0.007650974461177,-0.037661815122529,0.0025225941771541,-0.0337077206529169,-0.0001263407430217,-0.0389038430984298,-0.0053264466829467,-0.0250513565263132,-0.0250513565263132,-0.0185044102525837,-0.0185044102525837,-0.0160642581737671,-0.0160642581737671,-0.0263234823379455,-0.0263234823379455,-0.0504771297843501,-0.0265632350114999,-0.0418917492365099,-0.0418917492365099,-0.0418917492365099,-0.0418917492365099,-0.0429454634636645,-0.0429454634636645,-0.0374978516064653,-0.0374978516064653,-0.0345559718867103,-0.0345559718867103,-0.0182592725510861,-0.0182592725510861,-0.0159392880357469,-0.0159392880357469,-0.0136980738556068,-0.0136980738556068,-0.0277344761292621,-0.0277344761292621,-0.0020187230668395,-0.0020187230668395,-0.0461394534070183,-0.0461394534070183,-0.0222927477314333,-0.0222927477314333,-0.0244630721516512,-0.0244630721516512,-0.0332583005051173,-0.0332583005051173
2017-05-31,0.0760989474791576,0.0710969264835087,0.0906142767571445,0.0858747719062358,0.0813634966172867,0.0785641838667571,0.0891857007126268,0.085572925900208,0.0853786877985047,0.0830313955424137,0.0742711646335153,0.0732224296299339,0.0968769058236216,0.0882625972457431,0.0706843524348492,0.064807378890422,0.0725722508464928,0.0675344340875744,0.0690091421195877,0.067793501357355,0.0728392063387738,0.0696967149519473,0.0734736728855143,0.0683119783189197,0.0639616532300218,0.0560385780388218,0.0641512240316766,0.0565142559233007,0.0397377707165105,0.0448134888171714,0.0446379438788301,0.0636083872575548,0.0499678385522009,0.0362149023578508,0.0724665496583902,0.0459883686676876,0.0706843524348492,0.064807378890422,0.1021983060921601,0.1068898877367307,0.0898998420545592,0.0882369679384721,0.0891857007126268,0.085572925900208,0.0937838698530797,0.0895001620007905,0.1045589561462876,0.110314334121299,0.0901108875416596,0.0899648718455354,0.0934566105186113,0.0886938696564784,0.0939951861159172,0.0925494297331215,0.0997065620643175,0.0960361373945385,0.0843363228995347,0.083406353086001,0.0899032127109641,0.0863249104233873,0.0857492625617306,0.0825833673383408,0.0888287846723584,0.0851565647211417,0.041155982285653,0.0459610557640878,0.0762150464005971,0.0762150464005971,0.0643789151052556,0.0643789151052556,0.0939951861159172,0.0925494297331215,0.0753642005232784,0.0698247400985637,0.0934492992303897,0.0912856970540214,0.0771539696323392,0.0719642270711644,0.092541580997572,0.0909861469294941,0.0646811631379652,0.0590425117807062,0.0720762364650204,0.0661951786347863,0.0787050903911814,0.0738652371195515,0.0970579646393384,0.0967019973610597,0.0964436934010179,0.0968924065236682,0.0929145053041838,0.090640033664452,0.083808583415314,0.083808583415314,0.0803929384584622,0.0803929384584622,0.0873037090074565,0.0873037090074565,0.0830566237244655,0.0830566237244655,0.0968945623445688,0.0942640090976046,0.0859705488508032,0.0859705488508032,0.0859705488508032,0.0859705488508032,0.0934867201127674,0.0934867201127674,0.0805486344827671,0.0805486344827671,0.0740343113580586,0.0740343113580586,0.0942929184486055,0.0942929184486055,0.0813413976412561,0.0813413976412561,0.0746434651492555,0.0746434651492555,0.0844732692163767,0.0844732692163767,0.08473628166259,0.08473628166259,0.0764143629300039,0.0764143629300039,0.0783588262913263,0.0783588262913263,0.0892807730748441,0.0892807730748441,0.099573905326906,0.099573905326906
2017-06-30,0.0386791081066234,-0.0067626876450177,0.0244869332774999,0.0009250258491559,0.0352573959073224,-0.0225397698502304,0.0263039588975546,0.0029549430101957,0.0241841362026812,0.0015565988186691,0.0328740926068822,-0.0150938589716755,0.020020881291151,-0.0061318187390546,0.0400078046820145,-0.0056839633634875,0.0448826369270682,0.0101915704458951,0.0348563680250299,0.0179179321674922,0.0370330859089614,0.0058061750083698,0.0216138903355474,-0.0238279054160937,0.0547079970313458,0.0132920421095333,0.0427233696011683,-0.001297294315995,0.0405484086516315,-0.0079517887046023,0.0051220339731315,0.0035420595068265,0.016890364415927,0.0016608274942904,-0.0034253993831929,0.0097914823424402,0.0400078046820145,-0.0056839633634875,0.0320040599801847,-0.0219425065045361,0.0264874737585582,0.0030692242766947,0.0263039588975546,0.0029549430101957,0.0323902381189772,-0.0077348592273741,0.0323312083771255,-0.0168460609400971,0.0241215854981092,-0.0008084907028289,0.0336356832372939,-0.0079236254832827,0.0302429469410471,-0.0035758812775622,0.02756396366923,-0.0067333542457564,0.0228192521801224,0.0106203976502899,0.0159186079614233,-0.0003445657541505,0.0269779534462963,0.0017505384687643,0.0147953468624168,-0.0085536690249421,0.0397651736274379,0.0117692231142057,0.0225599103831931,0.0225599103831931,0.022807576787375,0.022807576787375,0.0302429469410471,-0.0035758812775622,0.0390698473993346,-0.0052560586506654,0.0293847358819732,-0.0048290877176858,0.0398810337607541,-0.0085773819099014,0.0304257711462137,-0.0031668209736005,0.0329377208803428,-0.010293108725257,0.0440694340963427,-0.0061285236116529,0.0579462135771634,0.0039584288215542,0.0353667582420054,0.0011163463323813,0.0524994539939763,0.0161384769839724,0.017428710825692,-0.0167851127739671,0.0225462958021224,0.0225462958021224,0.0227442488546664,0.0227442488546664,0.0219380626796029,0.0219380626796029,0.0217177388919722,0.0217177388919722,0.0204171426729591,-0.0060677165511822,0.0190094206577198,0.0190094206577198,0.0190094206577198,0.0190094206577198,0.0197272064822183,0.0197272064822183,0.0181352078230123,0.0181352078230123,0.0169430810171837,0.0169430810171837,0.0217517368584052,0.0217517368584052,0.0237233958702961,0.0237233958702961,0.024393359630959,0.024393359630959,0.0208597278552954,0.0208597278552954,0.0249980475032105,0.0249980475032105,0.0100352235441438,0.0100352235441438,0.0402788609612238,0.0402788609612238,0.0221348782665333,0.0221348782665333,0.0076911748576764,0.0076911748576764
2017-07-31,0.023922118364387,0.0330009604604013,0.0068830251816068,0.0142121441416454,0.0211011788551179,0.0323587732343183,0.0066151133457956,0.0168930478283763,0.0048169249022625,0.0153718695706869,0.0198673223704753,0.029636159494503,-0.0021322651618056,0.0058848683323923,0.024719923057276,0.0357459179191557,0.0208249305747449,0.0212946370616555,0.0085236894936339,0.0296927646100539,0.0163241244195271,0.0314397689833577,0.0257121504200675,0.032808767286611,0.0334874087950052,0.0481539653341563,0.0167071831236325,0.0264490493983307,0.0134248867536505,0.023625516632828,-0.0183608580044085,0.007208153634326,-0.0135345936021443,0.0182799529823149,0.0331541957953746,0.045037178067216,0.024719923057276,0.0357459179191557,-0.0053220016506126,0.0099296935022529,-0.0079980101702246,0.0024108056397954,0.0066151133457956,0.0168930478283763,0.0173130520362835,0.028603131133737,-0.0092939215562201,0.0067761694774172,-0.0094150561896496,-0.0010294322278181,0.0167451821425794,0.0266022022456606,0.0025045427432995,0.0141040486938096,-0.0109982514006025,0.0009572578589609,0.0033912530181415,0.0172348301841232,-0.0111342158755084,0.0049770987185659,0.002581670403667,0.0145564782115218,-0.0020674619921093,0.009374630054638,-0.0122847542830085,0.0019938506384405,0.0228060863170715,0.0228060863170715,0.0379788789903653,0.0379788789903653,0.0025045427432995,0.0141040486938096,0.0225120206521305,0.0332607185170382,0.0018037008382397,0.0147327832488247,0.0241457115429223,0.0352526741294871,0.0016286138528614,0.0134547179704139,0.0212202861729239,0.034160402148335,0.0203126424595209,0.0226017569071929,0.0273500717304155,0.0420931596081286,-0.0058380031354675,-0.0001966452085678,0.0023301032289248,0.0191279929112762,-0.0091755975236617,0.0059188005247231,0.0181645846477029,0.0181645846477029,0.0325068081815935,0.0325068081815935,0.004887595774492,0.004887595774492,0.0185078206980979,0.0185078206980979,-0.0167308087208916,0.0017861255109814,-0.0010169411231867,-0.0010169411231867,-0.0010169411231867,-0.0010169411231867,-0.0043784941823901,-0.0043784941823901,0.0053333356653814,0.0053333356653814,0.0078615910755422,0.0078615910755422,-0.0034452974788338,-0.0034452974788338,0.0162167038288886,0.0162167038288886,0.0215263608899098,0.0215263608899098,-0.0043729609004476,-0.0043729609004476,-0.0041095102334633,-0.0041095102334633,-0.0287290882933217,-0.0287290882933217,-0.0178070114458315,-0.0178070114458315,-0.0038067318738159,-0.0038067318738159,-0.0170161164985202,-0.0170161164985202
2017-08-31,0.0181123292184445,0.0020618108055816,0.0102788543406654,-0.0065688818699664,0.018050075540396,-2.1010671526419663e-05,0.0148272995498871,-0.0022581760552298,0.0164128606815567,-0.00021471849862,0.0200070220844156,0.0031578603964665,-0.0018576724936507,-0.0165433012100733,0.0186715351995145,0.0041633404194296,0.0161083153821527,0.006271925087496,-0.0026364681453381,-0.0138411181513551,0.007968011206131,-0.0057521951587718,0.0280657423551708,0.0038380585736543,0.0222858216112546,0.0083522157191978,0.0195476162312592,0.0083730740822368,0.0186885430645249,-0.0010081625618881,0.0263944258367707,-0.0120285303021847,0.0530376462990637,0.0082497338855328,-0.071858588691193,-0.0502221931953695,0.0186715351995145,0.0041633404194296,0.0245353057405246,-0.0029223248729151,0.0112490605433882,-0.0047487226120899,0.0148272995498871,-0.0022581760552298,0.0148614810637346,-0.0015601381497615,0.01966993883363,-0.0067445023549326,0.0072218401408272,-0.0087854988315661,0.0134798039206453,-0.0021076108382664,0.0155166676724675,-0.0042143225676028,0.0011694895462012,-0.0121409290711374,0.0151724764426707,-0.0025188372677601,0.012549519960278,0.0038443633580376,0.0146830796878572,-0.0011601462998296,0.0246507288513482,0.0024441075968004,0.0170579817836331,-0.0048566846771315,0.0068860445161996,0.0068860445161996,0.0072182262685504,0.0072182262685504,0.0155166676724675,-0.0042143225676028,0.0192764424671846,0.0032582469237892,0.0162116083114266,-0.004257419371087,0.016961257818618,-0.0001930373798545,0.0158670939322204,-0.0034898851661146,0.0122310295698143,0.0049151647448445,0.0147093928599621,0.0022296662360334,0.0152627423452607,-0.0018315477575471,0.0149742085018061,-0.0018025306409458,0.0083233702584624,-0.0038372363243337,0.0262485486377876,-0.0003633850402234,0.0060341586713665,0.0060341586713665,0.0071157633774786,0.0071157633774786,-0.0048450439430531,-0.0048450439430531,0.0065224055290694,0.0065224055290694,0.0131461504034335,0.0022190695551488,0.0065638659887308,0.0065638659887308,0.0065638659887308,0.0065638659887308,0.0063058897703013,0.0063058897703013,0.0065767883062296,0.0065767883062296,0.0081611807453937,0.0081611807453937,-0.0010234466980345,-0.0010234466980345,-0.0007121370375129,-0.0007121370375129,0.0034620571026541,0.0034620571026541,0.0041063504619554,0.0041063504619554,-0.0086373304090284,-0.0086373304090284,0.0014163084332306,0.0014163084332306,0.0140080783504956,0.0140080783504956,-0.0127625430446859,-0.0127625430446859,0.0031514836579381,0.0031514836579381
2017-09-29,-0.0123276170253372,0.0069264140917705,-0.0105220925257611,0.0068278511393298,-0.0176003506603654,0.0025581028804644,-0.0082126935647721,0.005756395746946,-0.0089517376964011,0.0037888589640414,-0.0173771917775064,-0.0013845857853865,-0.0016203642382151,0.0169882498424842,-0.0114483847774091,0.0077029600398429,-0.0257608440107398,-0.0058554415225097,-0.0139938125468159,-0.0005738325204411,-0.0128648943769375,0.0034163368820233,-0.0120524529017304,0.0101926255937585,-0.0048506413272719,0.0019868532976846,-0.0099479945654413,0.0102883807735036,-0.0131448343804627,-0.0023215434661399,-0.0167175820017548,0.0127079190474765,-0.0300484193581355,-0.000760619959296,-0.0708637518911117,-0.0318258946184002,-0.0114483847774091,0.0077029600398429,-0.0075602557295939,0.0050223295047273,-0.0164113914623898,0.001873159851013,-0.0082126935647721,0.005756395746946,-0.0038717225240598,0.0123466046875569,-0.0125344436967138,0.003896177037891,-0.017489094279305,0.0039921056896436,-0.0034085125852074,0.0135553659102465,-0.0096003009916088,0.0044783989215214,-0.0004441828602924,0.0205369157743756,0.0055570762083453,0.0155518916257097,-0.0054235631373483,0.0053028314434485,-0.0064867824623547,0.0058833448373309,-0.0091916226343114,0.0081118231870521,-0.0088652050488248,0.0042972556582753,0.0034268141817715,0.0034268141817715,0.0080336814282277,0.0080336814282277,-0.0096003009916088,0.0044783989215214,-0.0157335798187287,0.0071944939888046,-0.0083426620421624,0.0076262884814732,-0.0096457586862583,0.0085974595151383,-0.0085168872078494,0.0042182766208206,-0.005982354742149,0.0018087431454181,-0.0312600729880755,0.0001574087783828,-0.0115788689915775,0.0166881652795986,-0.0286634348617607,-0.0013862470578987,-0.0136539245171547,0.0106345420953924,-0.0097039044646169,0.0102639831370816,0.0020448022441633,0.0020448022441633,0.0112678709585735,0.0112678709585735,0.0162070623255825,0.0162070623255825,0.004872322455729,0.004872322455729,-0.0068731651945512,0.0050999347294443,0.003967830315316,0.003967830315316,0.003967830315316,0.003967830315316,0.0009897292498589,0.0009897292498589,0.0049554667320588,0.0049554667320588,0.0036566206086078,0.0036566206086078,0.0159414726400049,0.0159414726400049,0.0113458703979897,0.0113458703979897,0.007093440180984,0.007093440180984,0.0072637176555755,0.0072637176555755,0.0230060339411409,0.0230060339411409,0.0020693097770474,0.0020693097770474,0.0047106332980233,0.0047106332980233,0.006960146270036,0.006960146270036,-0.0201255811078749,-0.0201255811078749
2017-10-31,0.0127616365401877,0.0173069965807326,-0.0062117711020416,-0.0078609910091358,0.0106328796841617,0.0121183616369362,-0.0041133749142847,-0.0081397128267736,-0.0115134041504,-0.0159541880221639,0.0102309752559709,0.0093961769767097,-0.0154726634594928,-0.0048562061623032,0.010186065963422,0.015732392940725,0.030223497133702,0.0254600671492517,0.0570269625085001,0.0421826416405921,0.0351998411997191,0.0299576478429404,0.032697838681883,0.0382834081927843,-0.0001822020977131,0.0001789651939482,0.0109643657996724,0.0212679719577703,-0.0157838824461631,-0.014713729390164,0.0440316637944223,0.0639214951707716,0.0339870571829883,0.0637997124866059,0.0340039983397984,-0.0034383073149099,0.010186065963422,0.015732392940725,-0.0211793861994844,-0.0284040316321919,-0.005210204847068,-0.0154805520627142,-0.0041133749142847,-0.0081397128267736,-0.0035062613926017,-0.0047360181266469,-0.0259629449278592,-0.0317436852819317,-0.0075860201859304,-0.0157380100614507,-0.003125330901235,-0.0025701693697396,-0.0097656088762362,-0.014787494044601,-0.0168244589887816,-0.005415202539271,0.0065683637754353,0.0067816692637397,0.0035364700531837,-0.002549742308599,-0.0057079729118339,-0.0098425348306385,0.0273658707983838,0.0195507532495719,-0.0276785730378076,-0.0377102018019448,-0.0123570005853075,-0.0123570005853075,0.0100424523500768,0.0100424523500768,-0.0097656088762362,-0.014787494044601,0.0118932092351942,0.0176997405436102,-0.008893170320074,-0.0128355518282161,0.0091932082016723,0.0144980083761867,-0.00935344057853,-0.0149369896861679,0.0082616598670234,0.0159933727006351,0.0079324438306369,0.0185594288187965,-0.0051249211904391,0.0088646135140969,-0.0165890358326276,-0.0167949263711717,-0.0240386616932836,-0.0271553163658152,0.0188063224300249,0.0105788711662706,-0.0179372056252363,-0.0179372056252363,-0.0067272357212726,-0.0067272357212726,-0.0199685533121801,-0.0199685533121801,-0.0165559960249429,-0.0165559960249429,-0.0006273361097365,-0.0079284500870828,-0.0061080446352344,-0.0061080446352344,-0.0061080446352344,-0.0061080446352344,-0.0128403690610796,-0.0128403690610796,-0.0008757015731392,-0.0008757015731392,0.0037893749357468,0.0037893749357468,-0.0251029279994413,-0.0251029279994413,-0.0126097758939513,-0.0126097758939513,-0.0061872607245364,-0.0061872607245364,-0.0031103889898447,-0.0031103889898447,-0.0100618627321378,-0.0100618627321378,-0.0044065102975743,-0.0044065102975743,0.0023739326168789,0.0023739326168789,0.0016519569420261,0.0016519569420261,-0.0056525417672834,-0.0056525417672834
2017-11-30,0.0358843065523117,0.0206986607123375,0.0390742485790475,0.0316003843577647,0.0479971265395569,0.0301949848605532,0.0349065019528839,0.0261354185437289,0.0362101176497339,0.0253803296796931,0.0469585266159506,0.0276895510358661,0.0381466826705131,0.0340962252681886,0.0340990424465067,0.0208026227191149,0.0476593377035824,0.0255778896438188,0.0406194562758002,0.042751288475789,0.0384412424492169,0.0319092435579335,0.0313116758382955,0.0094242390576064,0.0018627814160413,-0.0171507438654802,-0.0035929803777678,-0.0122506556503624,0.0301398951580779,0.004769335475522,0.0201556742701518,0.0466807664181678,0.0119093858979982,0.042782961827993,0.045612702457014,0.0317772660504886,0.0340990424465067,0.0208026227191149,0.0480627594524835,0.0195552192236688,0.042229294113197,0.0337205113214698,0.0349065019528839,0.0261354185437289,0.040943933069413,0.0264638394706784,0.0526095365842637,0.0367709808346487,0.0452533145389148,0.0404860683023319,0.0403500096116439,0.0276101079434204,0.0400089668304198,0.0303281983741896,0.043313257113499,0.0393529364504413,0.0349318703292016,0.0315072072089632,0.0266402219677259,0.0173132873424256,0.0346675563733568,0.0272232766282799,0.0264167079461479,0.0175656838766289,0.0275807344261909,0.0141099550033836,0.0264319864044831,0.0264319864044831,0.0247933279727703,0.0247933279727703,0.0400089668304198,0.0303281983741896,0.0370259620106396,0.0215743592106763,0.0371489690562449,0.0283668999229059,0.03861626386526,0.0245202735565575,0.0404077992164585,0.0290876929349057,0.04821824735749,0.0457839414267829,0.0235491606040232,0.0236368373748244,0.0409323751324144,0.0231235418901117,0.0236588213609274,0.0255260257525765,0.0420082246244966,0.0329465295822118,0.0273527851154159,0.0175047708067279,0.033013529094381,0.033013529094381,0.0305476520885261,0.0305476520885261,0.0409013304579826,0.0409013304579826,0.0303101655940884,0.0303101655940884,0.0310998091884309,0.0249671189417407,0.0251581905491398,0.0251581905491398,0.0251581905491398,0.0251581905491398,0.0298180315545868,0.0298180315545868,0.0242518069952569,0.0242518069952569,0.0266224651029857,0.0266224651029857,0.0543348597832455,0.0543348597832455,0.0314333524161151,0.0314333524161151,0.0288089769777047,0.0288089769777047,0.0262045175278946,0.0262045175278946,0.0438183386638314,0.0438183386638314,0.0316127501107786,0.0316127501107786,0.0313909480026694,0.0313909480026694,0.0275896845701701,0.0275896845701701,0.0296018398525905,0.0296018398525905
2017-12-28,0.0448036671871142,0.035630533433081,0.0395774638981138,0.0321639534238663,0.0494328273544306,0.0400017357327578,0.0375839384513317,0.0300574798947517,0.0420818603937502,0.0327882870945945,0.0502291355393191,0.0409647762581307,0.0395542398763949,0.0336976449170105,0.0452973717499097,0.0367967521884728,0.0284767166936301,0.0161282365985576,0.0329019645682283,0.012727205319276,0.0390864959709913,0.024418888385427,0.0374081821859423,0.0357962015657875,0.0349941319421044,0.0381492383949239,0.0171113167737524,0.0328452345161789,0.0227011781706464,0.0233449583706521,0.0719664928780848,0.0363293057993985,0.0625768658949862,0.0295665601986209,0.0356520592697528,0.0428858540243222,0.0452973717499097,0.0367967521884728,0.0570270513348418,0.0450361606183101,0.0414839557727091,0.0305450790936321,0.0375839384513317,0.0300574798947517,0.0454572972269681,0.0370044384408603,0.0585833334656033,0.0475241802679708,0.0468114368294718,0.0355314683144278,0.0452085134731645,0.0362841307029465,0.0429568855635774,0.0334119500988993,0.0454723087526936,0.0358118313053911,0.0424700687000309,0.0288824869007719,0.0406801437600187,0.0364494623161337,0.0371592223747284,0.0331444942464416,0.0281575131302115,0.0300455765559042,0.0137295512971113,0.014711851753198,0.0308921311249501,0.0308921311249501,0.0404399041926212,0.0404399041926212,0.0429568855635774,0.0334119500988993,0.0432207855302391,0.0331240166254493,0.0395389908381264,0.029384869260606,0.0478819655584999,0.0386426673033135,0.0411262015358446,0.0311083182936695,0.0526794512842845,0.0485445253158843,0.0431831463010647,0.0419877546255299,0.0388250973551268,0.0105363419156601,0.0350446881108798,0.0361546909499337,0.0294972644300977,-0.0028975388229426,0.0312503112944995,0.0310143102941275,0.0366383691905687,0.0366383691905687,0.0393935610272093,0.0393935610272093,0.0394548011443125,0.0394548011443125,0.0340705180097534,0.0340705180097534,0.0443212847784744,0.0383262248132568,0.040646237577289,0.040646237577289,0.040646237577289,0.040646237577289,0.0424473988294773,0.0424473988294773,0.0429260256259122,0.0429260256259122,0.0457138009868372,0.0457138009868372,0.0391766908817132,0.0391766908817132,0.0403680297895498,0.0403680297895498,0.0421306550035395,0.0421306550035395,0.0411980819181136,0.0411980819181136,0.0474397198543448,0.0474397198543448,0.0059331024162719,0.0059331024162719,0.0442496294551142,0.0442496294551142,0.051126920709948,0.051126920709948,0.0257902003056197,0.0257902003056197
2018-01-31,0.0981349172551985,0.096191435914046,0.0871116158334986,0.0886454932930027,0.0954137254419886,0.097526162004909,0.0817728241043337,0.0832402739966397,0.0859476157426967,0.08014772907039,0.0965455004581048,0.0964101649307011,0.1187092064042537,0.111927293487683,0.0999070525284066,0.0978985786097607,0.0682323201266162,0.0635908262138148,0.0552507661242994,0.0591541799507966,0.0768793106416949,0.077827971531381,0.0903652725992482,0.0899185083283174,0.1078294983836951,0.104434423766263,0.0964558418466785,0.1029786183022173,0.105945196190758,0.1029716131666688,0.1219043509391573,0.0981164852006582,0.1225708537151754,0.101708563492609,0.0868602713820542,0.1006277778421635,0.0999070525284066,0.0978985786097607,0.0693302120545077,0.0717522159714891,0.0928276117271851,0.0940171502222302,0.0817728241043337,0.0832402739966397,0.080440908069496,0.0809370850475108,0.0761838196721581,0.0766474700337816,0.0999056381464859,0.1011045451687912,0.0846129804547992,0.0850690479892011,0.0838674302550303,0.0850304321807399,0.1122753833573323,0.105403697665798,0.0827570996176681,0.0867626023441585,0.0954536284605367,0.0964692184487646,0.0841026139669373,0.0856846360446299,0.0641000587278199,0.0650019990884861,0.0801234133735233,0.080127517735416,0.0836516431229268,0.0836516431229268,0.0964226640903171,0.0964226640903171,0.0838674302550303,0.0850304321807399,0.1053231403068869,0.1037941096644603,0.0816919577303936,0.0827721038788937,0.1151622166132324,0.1125596962492527,0.0793364570976387,0.0802493704385894,0.1354463176489574,0.1352280135384734,0.13032123096933,0.1278186367318302,0.126116624013951,0.1256316902201509,0.0866712942065073,0.0888497732438449,0.0817597934471777,0.0887701118082951,0.0600102020105026,0.059690898354942,0.085906750321045,0.085906750321045,0.0853533276583682,0.0853533276583682,0.1080747791685502,0.1080747791685502,0.0832123768876942,0.0832123768876942,0.0977280884867422,0.0990573646612228,0.0994614413323359,0.0994614413323359,0.0994614413323359,0.0994614413323359,0.0954773350165873,0.0954773350165873,0.1008566129430328,0.1008566129430328,0.1016312252542751,0.1016312252542751,0.1009488992663525,0.1009488992663525,0.1075758295171111,0.1075758295171111,0.1071796225179714,0.1071796225179714,0.0891623116075353,0.0891623116075353,0.1006139860437194,0.1006139860437194,0.0498627362743041,0.0498627362743041,0.0909877026383512,0.0909877026383512,0.1008648185992005,0.1008648185992005,0.1060518280685407,0.1060518280685407
2018-02-28,-0.0268241214281913,-0.0376952602791956,-0.0222362675103989,-0.0407130894333581,-0.0278037375654045,-0.041908667572201,-0.0214888701499652,-0.0406202610335821,-0.0163644015247101,-0.0363649365041735,-0.0257203138698931,-0.0410735958345769,-0.023531864730498,-0.0416245938511393,-0.0245501800916564,-0.0346971607650045,-0.0115090705961853,-0.0348112423066049,-0.0250320340614662,-0.0322198442228246,-0.0256974581347473,-0.0347061609220719,-0.0183677689928531,-0.0476872631199604,-0.0282851397081867,-0.039239265601878,-0.0367017378305228,-0.056821860407715,-0.0325256379845084,-0.0526657596628178,-0.0489750692963316,-0.0267171981097005,-0.0393849866625051,-0.0354793083978238,-0.0330981028113665,-0.0383724483830635,-0.0245501800916564,-0.0346971607650045,-0.0036075696020569,-0.0240138108791486,-0.0125609235819077,-0.0329759662934912,-0.0214888701499652,-0.0406202610335821,-0.0240957809574906,-0.0420862070287097,-0.0014118909004429,-0.0234706400928365,-0.0132966152872907,-0.0329515915554825,-0.0257232051719279,-0.0434561290322424,-0.0154424384866819,-0.0352022347248952,-0.0140974533786322,-0.0346607287287827,-0.0257572238676076,-0.0447298014556209,-0.0227108491720541,-0.038901010248567,-0.0188953049208687,-0.0349672684381493,-0.0165803201500938,-0.0456012789444932,-0.0293622031674809,-0.0502784314760872,-0.0206778734106135,-0.0206778734106135,-0.0259726283265441,-0.0259726283265441,-0.0154424384866819,-0.0352022347248952,-0.0281722835725936,-0.0393260773261856,-0.0187297402416545,-0.0384323189930338,-0.0311047577000889,-0.0415869393652058,-0.0133019033642401,-0.0335399268733035,-0.0104347613962633,-0.0185768906219816,-0.0275533958824527,-0.0384468698569975,-0.0356281911692075,-0.0498333077307582,-0.0127214822220126,-0.0282981915010117,-0.0155176919038716,-0.0380299983421904,-0.0099878378454665,-0.0420083894300988,-0.0145722016708964,-0.0145722016708964,-0.0247821175972364,-0.0247821175972364,-0.0135428074360488,-0.0135428074360488,-0.0178864224178033,-0.0178864224178033,-0.0183811599565929,-0.0346855252576213,-0.0174215498347954,-0.0174215498347954,-0.0174215498347954,-0.0174215498347954,-0.0114117809199867,-0.0114117809199867,-0.0214405654291727,-0.0214405654291727,-0.022960628738151,-0.022960628738151,-0.0006856749614169,-0.0006856749614169,-0.0224436835806634,-0.0224436835806634,-0.0250865936752894,-0.0250865936752894,-0.0175371511111562,-0.0175371511111562,-0.0162582780173382,-0.0162582780173382,-0.0032232148833114,-0.0032232148833114,-0.0286477091500614,-0.0286477091500614,-0.0345836329519551,-0.0345836329519551,-0.0199494383076873,-0.0199494383076873
2018-03-30,-0.0109628872705969,0.0074277610870963,0.0364095196572242,0.0524678513553724,-0.0005402559940546,0.0162042656927882,0.0432994944644089,0.0595045719974726,0.0468956639002933,0.0642217959460995,-0.0058880279308403,0.0109195317265671,-0.0007982814659396,0.0156851862916071,-0.0082957424279177,0.011249769020824,0.0143711777077987,0.0248556833853945,0.0134856892946664,0.0180128159871398,0.0013862253501361,0.0129397212489014,-0.0031773460746685,0.0091973512987308,-0.0074451746192083,0.0109454741478573,-0.0249392058425856,-0.0209235442358776,-0.0080687254796938,0.0104696942553759,0.0052332227062547,0.0124046891401678,0.041584981957952,0.0029891212647229,0.0177632940371231,0.02006715391827,-0.0082957424279177,0.011249769020824,0.0432137321969061,0.0595070350072386,0.0502329140634414,0.056727276641175,0.0432994944644089,0.0595045719974726,0.0187612365957895,0.0406794999136256,0.0454445953888117,0.0624600963874569,0.0423038506386084,0.0489858752260038,0.0083001294836306,0.0299923107681587,0.0390379857403496,0.052760557552904,0.0112437693661685,0.0211132109984727,0.0407957073748392,0.0557450594327961,0.0423103449008094,0.0573396426055983,0.0495171729760699,0.0660751084137343,0.0531439590906036,0.0672599357797214,0.0417270130033884,0.0580160175973814,0.0542388730577769,0.0542388730577769,0.0074422175843465,0.0074422175843465,0.0390379857403496,0.052760557552904,-0.0058382769885059,0.0087346911765,0.0406738238312755,0.0521483542546021,-0.0178090221468734,0.001027296886334,0.042933450463317,0.0562043197822062,-0.0007729418647362,0.0189997835382246,-0.0037125062691807,0.0233558859245522,-0.024326285776415,-0.0028501458419133,0.0577974861093646,0.0747585434469486,0.0503848519973103,0.0610639510826222,0.0464869218726786,0.0533329199764061,0.0485243707027514,0.0485243707027514,0.0280576198032811,0.0280576198032811,0.0200397907468269,0.0200397907468269,0.0472856064586154,0.0472856064586154,0.0383839302063502,0.0509891732788907,0.0495806305257655,0.0495806305257655,0.0495806305257655,0.0495806305257655,0.0511669203927443,0.0511669203927443,0.0428269936626721,0.0428269936626721,0.0372516339003229,0.0372516339003229,0.0361454090483467,0.0361454090483467,0.0044034206050565,0.0044034206050565,0.0001491010452719,0.0001491010452719,0.0494457583247167,0.0494457583247167,0.019992153194444,0.019992153194444,0.047544230560422,0.047544230560422,0.0344375419611573,0.0344375419611573,0.0314886499728079,0.0314886499728079,0.0293207924388066,0.0293207924388066
2018-04-30,0.0163359600011317,-0.009883534479736,0.0110625231321858,-0.0028689380158853,0.0037685813268204,-0.0202227588902619,0.0092667117629633,-0.0044118792145765,0.0027719390010428,-0.0119651831856903,0.0019722615957921,-0.0209998574722196,0.0163094292203536,0.0030467071468809,0.0103994222816087,-0.0162708592017732,0.0299980520518936,0.0121903823490967,-0.0090645506857743,-0.0303710885571671,0.0037695892503509,-0.0199937603614079,0.0194130672197471,-0.0101478668404017,-0.0251461115358472,-0.0439147843541401,-0.0067998510047836,-0.0120665267235422,-0.0244751125431144,-0.0464402313474441,0.0190664973035196,0.0121646590798653,0.0127476823463953,0.0467127681195323,0.0363769360831047,0.0312894678485327,0.0103994222816087,-0.0162708592017732,0.0134126398891479,0.0015947233749313,0.0211106942994664,0.0065559420106923,0.0092667117629633,-0.0044118792145765,-0.0027199466354955,-0.02132982957826,0.0185703309315945,0.0060198775131776,0.0246861434004743,0.0095906437783197,0.0012464259935636,-0.018452329666096,0.0132412267093332,-0.0005480897307092,0.0260580680322501,0.0108347982860385,0.0093525216794997,-0.0083722978413825,-0.0009159974026084,-0.012727254136813,0.0055636195138336,-0.0087305582531842,0.0079621458970307,-0.0084821069855268,-0.0194849621852161,-0.0275225080706189,0.0057420821355391,0.0057420821355391,0.0044978945625158,0.0044978945625158,0.0132412267093332,-0.0005480897307092,0.0171246930598892,-0.0075696606685003,0.0122854444086832,0.0001007947935854,0.018265446688213,-0.0087304480234431,0.0104577303711167,-0.001859495762121,0.0116135167844788,-0.0085972910036366,0.0245168770002197,-0.0163096086990147,0.0107900285978475,-0.023839813601456,0.0125326506463793,-0.0076736702677956,-0.000115903924765,-0.0095030215906908,0.0149332893408977,-0.0024349115619082,0.0091147642019401,0.0091147642019401,-0.0065013895268898,-0.0065013895268898,0.0199277972341129,0.0199277972341129,0.0098109326791605,0.0098109326791605,0.0010145006743637,-0.010028702401185,-0.0039610601314606,-0.0039610601314606,-0.0039610601314606,-0.0039610601314606,0.0090845997732745,0.0090845997732745,-0.0143401030952976,-0.0143401030952976,-0.0165019594824674,-0.0165019594824674,0.0264389304227868,0.0264389304227868,0.0155401747843571,0.0155401747843571,0.0118286524286408,0.0118286524286408,-0.0040533403506533,-0.0040533403506533,0.0183436412994039,0.0183436412994039,0.0030663170494645,0.0030663170494645,-0.0217636530227139,-0.0217636530227139,-0.0251210280695733,-0.0251210280695733,0.0206532132178626,0.0206532132178626
2018-05-31,0.0523509872798888,0.0135284148309443,0.0280690949084777,-0.0209652979655788,0.0486592891535756,0.0141724246911645,0.0298080963664561,-0.02040920352319,0.0310692475502137,-0.0199758904470675,0.0551035728838387,0.0198464590802656,0.0081421681534386,-0.027033681371514,0.0573991995188248,0.0178635299125044,0.0521210031025111,0.0095634976774454,-0.0198402417688065,-0.0236162352267715,0.0164286831568241,-0.0048687959196425,0.0215506363093594,-0.0063707894880168,0.010103983227227,-0.0069112524659521,0.0095106282258918,-0.0176059503664617,0.0401603123746448,-0.0051041515412534,0.0703916915667899,0.046475058372263,0.0655816931369155,0.0543599411235568,0.0030152761389597,-0.0141353473256333,0.0573991995188248,0.0178635299125044,0.0050402712008279,-0.0485827397644751,0.0315215210917752,-0.0208196119673227,0.0298080963664561,-0.02040920352319,0.0440967991693877,-0.0009421471280575,0.0063632763713985,-0.0417155684830981,0.0318641502358553,-0.0178890604334815,0.0458059890325401,0.0004579593569316,0.0283735453374441,-0.0219086821894805,0.0138048439679547,-0.02430404523413,0.0266511663886687,0.0005687300267891,0.0151806421309465,-0.0310005163243195,0.0336289574190591,-0.0167136895314317,0.0153307189832001,-0.0395351101232937,0.0161433662492571,-0.0364519045963868,0.0069153178377714,0.0069153178377714,0.0299897449570649,0.0299897449570649,0.0283735453374441,-0.0219086821894805,0.0527424344615186,0.0153661927160621,0.0298123695707469,-0.0205386385075189,0.0451334920125775,0.0068579445653898,0.0304950806109222,-0.0209005008818529,0.0589677514622248,0.0157385909400274,0.0325271478410031,-0.0035830063271178,0.0400211332275835,0.003103573807866,0.0351713324085383,-0.0189028675793788,0.0431478016094138,-0.0145861780059498,0.0199526246739036,-0.0381417109857919,0.003702596160665,0.003702596160665,0.0227846333644604,0.0227846333644604,-0.0093778182096758,-0.0093778182096758,0.0058729556154068,0.0058729556154068,0.018407316879381,-0.0312388142518074,-0.0076875391829536,-0.0076875391829536,-0.0076875391829536,-0.0076875391829536,-0.018860731409072,-0.018860731409072,0.0065322194884369,0.0065322194884369,0.0138735760212202,0.0138735760212202,-0.0236562707484749,-0.0236562707484749,0.0033242517131301,0.0033242517131301,0.0097116678357239,0.0097116678357239,-0.0053269456015294,-0.0053269456015294,-0.0127856781709577,-0.0127856781709577,-0.0030371599687926,-0.0030371599687926,-0.0027126524101943,-0.0027126524101943,-0.0187037457185655,-0.0187037457185655,-0.0045481933690057,-0.0045481933690057
2018-06-29,-0.0284182391223025,-0.0072791554685871,-0.0377425930800365,-0.0111193834116545,-0.0297936218571396,-0.0054033068750329,-0.0377439542574047,-0.0076212981003407,-0.0433960745822966,-0.0135974091037245,-0.031008243125349,-0.0054597471544008,-0.0217462884032099,-0.0150674801031435,-0.0209173387525584,0.0002014012038072,-0.0332182575018134,-0.0034967125685547,-0.0032111846378498,0.0005493136845068,-0.0157552377807875,-0.0032823902374157,-0.0143866001927916,0.0012121029528503,-0.0207248137283088,-0.0050244310063411,-0.0207719232323271,0.0054347333017362,-0.0438248638684142,-0.0213118318888414,-0.0445088465882271,-0.0358929336221322,-0.0476222020713522,-0.03650394058655,-0.0149347702378287,-0.0019133529218094,-0.0209173387525584,0.0002014012038072,-0.0305910442246799,-0.0023140293640663,-0.0391772142700623,-0.0088588330910214,-0.0377439542574047,-0.0076212981003407,-0.0288164766145438,0.0047941665878637,-0.0317056070677564,-0.0038120594061832,-0.0394903350139489,-0.0111526687474684,-0.028884682831086,0.0013836789595661,-0.0334821819654865,-0.0050213443782121,-0.0137543613817013,-0.0020259372429267,-0.0324014064447637,-0.0123054311345676,-0.022035867337152,-0.0013488156356643,-0.0327475155320354,-0.0019870627067952,-0.031417113985072,0.0010487752480593,-0.0446846504327426,-0.0102404048573428,-0.042163538237945,-0.042163538237945,-0.0343884947146446,-0.0343884947146446,-0.0334821819654865,-0.0050213443782121,-0.0287726000217842,-0.0107288029493372,-0.0318575971641678,0.0001228840713744,-0.0240225160071306,-0.0086855838778464,-0.0326390511136454,-0.0039232346994524,-0.0318564381557063,-0.0206313921110145,-0.0348082524396926,-0.0180400493730806,-0.0283624989064399,0.0008900330790622,-0.0461416760966888,-0.0087427936314564,-0.0478293724266816,0.0074283737618262,-0.0287543827542006,0.0059043592945169,-0.0375157853571459,-0.0375157853571459,-0.0331035172135962,-0.0331035172135962,-0.0233142592339748,-0.0233142592339748,-0.0340855297085795,-0.0340855297085795,-0.0156196697395752,0.0035653651000543,-0.017455271084226,-0.017455271084226,-0.017455271084226,-0.017455271084226,-0.0173439594976543,-0.0173439594976543,-0.0160733806435071,-0.0160733806435071,-0.0154693057907694,-0.0154693057907694,-0.0157063431135325,-0.0157063431135325,-0.0274274215397607,-0.0274274215397607,-0.0295084645610852,-0.0295084645610852,-0.0179069335139775,-0.0179069335139775,-0.0242530561972351,-0.0242530561972351,-0.0289869452565672,-0.0289869452565672,-0.0080976278733501,-0.0080976278733501,0.007103111140222,0.007103111140222,-0.0107538705865732,-0.0107538705865732
2018-07-31,0.0591764155865955,0.0704486716530141,0.0542148821466794,0.060511708758432,0.0545994535171916,0.0633504955070193,0.047550997870858,0.054703131891906,0.0476500658282779,0.0520072982265136,0.0529303883362674,0.0605100805817836,0.0720206487758535,0.07287964255793,0.061141467046017,0.0760198044383634,0.0558236377077829,0.0807568046101703,0.0359260682252324,0.0281119371203059,0.0476993618453851,0.0494355920285017,0.0417230575704313,0.0545397136686439,0.0383071351767692,0.0511237913749228,0.0663503896751554,0.0800530549075051,0.0399300452194143,0.0482603079628184,0.0359845228143302,0.0227571581905311,0.0316165346067592,0.0217256256420048,0.0418926363412057,0.0323656218851093,0.061141467046017,0.0760198044383634,0.0400954402430263,0.0463848906107537,0.0493456962988329,0.054440697948298,0.047550997870858,0.054703131891906,0.0487386622004838,0.0624177325353707,0.045584143726242,0.0529835686730117,0.0588668820384872,0.0628272638044043,0.0535603167622594,0.0668967086028079,0.0467004705218595,0.0539242103486225,0.0715940351583324,0.0720216317610738,0.0403804353303982,0.0473060944632619,0.047936363264013,0.0653395867050711,0.0513314052907123,0.0619135884083605,0.0495290035630678,0.0454395022544559,0.046135963870158,0.047398575389737,0.051734323153991,0.051734323153991,0.0653718463289009,0.0653718463289009,0.0467004705218595,0.0539242103486225,0.0634468560870864,0.0682908112951104,0.0400431864220847,0.0475409148659989,0.0706538682411149,0.0757116763373289,0.0476918701641987,0.0569851940251956,0.0782841980505095,0.0866770671426342,0.0697097367553159,0.0817641455048158,0.0573571351592949,0.0702750267571288,0.0474352556973398,0.063159188774829,0.0330740648235952,0.0450698324649763,0.0502864907416504,0.0399472339764744,0.0520332703892211,0.0520332703892211,0.0614801763480587,0.0614801763480587,0.0657026315621094,0.0657026315621094,0.0464298022175582,0.0464298022175582,0.0468442348451679,0.0636627402490438,0.0551419927248583,0.0551419927248583,0.0551419927248583,0.0551419927248583,0.0500874854416958,0.0500874854416958,0.0595769114645818,0.0595769114645818,0.0599811908990745,0.0599811908990745,0.0627601337335267,0.0627601337335267,0.0677399358716408,0.0677399358716408,0.0682975233216918,0.0682975233216918,0.0572000275233611,0.0572000275233611,0.0682367498951453,0.0682367498951453,0.0566746563685167,0.0566746563685167,0.0565397597067645,0.0565397597067645,0.0568670359904939,0.0568670359904939,0.0558408767196922,0.0558408767196922
2018-08-31,0.0261339017317254,0.010299997618286,0.0271893264046158,0.0055420988257994,0.0266865556799532,0.0047417682635955,0.0246375176488924,0.0051522984767079,0.0235765411744102,0.0040065745364837,0.0271074037005856,0.002793546768485,0.0295586092920629,0.0126101656038929,0.0265498091602344,0.010725980535075,0.0161418171437376,0.0064100019471638,-0.0087401070737433,-0.0013229977867498,0.0091176420753294,0.0049725720805465,0.0265574120611624,0.0145567680824943,0.0323740184320183,0.0210728669664957,0.0148928120657424,0.0039158325340564,0.0455421067733766,0.0291815326423328,-0.0419350809918502,-0.0190012672549321,-0.0571713069443398,-0.0426525081157964,-0.0389821143644218,-0.0205490100115155,0.0265498091602344,0.010725980535075,0.0055880081251879,-0.0062060290807874,0.0197517226983379,-0.0017929725681456,0.0246375176488924,0.0051522984767079,0.0247949452320309,0.0019839892405881,0.0074260873164428,-0.0053274524172993,0.0217868374409756,-0.0018668095043946,0.0277629764756884,0.0041006862988153,0.0194888026580692,-0.0008884612195147,0.0218937384551778,0.0021561783942578,0.0283782547498647,0.0075842567897002,0.0155795316322493,0.0011832849593089,0.0261599754544774,0.0066982341175266,0.029758089575164,0.0123300427998509,0.0372062899953582,0.0237742936178901,0.0149900800310064,0.0149900800310064,0.0213164393355134,0.0213164393355134,0.0194888026580692,-0.0008884612195147,0.0311259798363117,0.0106064641603496,0.0203997136739915,-0.0007412764525983,0.0342191464641811,0.0142358908160802,0.0181038170898035,-0.001717594614983,0.0454646992758945,0.0237796192687168,0.0307148470158948,0.0106330513149305,0.0374537835173498,0.0167086953321401,0.0118140305010456,-0.0082395718981285,0.022512228156554,-0.0012379567392808,0.0258900669115069,0.0061025840359073,0.0091654534650119,0.0091654534650119,0.0157721084799486,0.0157721084799486,0.0123335636357335,0.0123335636357335,0.0088604002784158,0.0088604002784158,0.0104263392353383,-0.0058408665471761,0.0008388823529049,0.0008388823529049,0.0008388823529049,0.0008388823529049,-0.0043862388198691,-0.0043862388198691,0.0062063591955916,0.0062063591955916,0.0084273262177298,0.0084273262177298,0.0031236964052768,0.0031236964052768,0.0211986641008866,0.0211986641008866,0.0240666451882257,0.0240666451882257,-0.0017799548451286,-0.0017799548451286,0.0112056770521828,0.0112056770521828,-0.0102166137553127,-0.0102166137553127,-0.0015572220472853,-0.0015572220472853,-0.0028208565033416,-0.0028208565033416,-0.0054673225828885,-0.0054673225828885
2018-09-28,0.0706680252535984,0.0620564137954817,0.0649708436122513,0.0697138788219089,0.0677883518743315,0.071087913995862,0.0651102435726367,0.0791246800472467,0.0661049797276102,0.0777902069364952,0.0698128756078204,0.0766891424412469,0.071721986268215,0.0504249130331419,0.0712820942220941,0.0626571421889149,0.0571574395895004,0.0539424367621541,0.0592805374937072,0.0271427415207491,0.0653158700610764,0.0449596945041064,0.0639974512212289,0.0718792330219119,0.0753960765504112,0.0815376874870864,0.0480178274575646,0.0629245280595221,0.0765337237823362,0.062722215828766,0.054783388646866,0.057150366987343,0.0395928840722688,0.0506344835106677,0.0507985637841159,0.0406978379733926,0.0712820942220941,0.0626571421889149,0.0662171994095554,0.0710109324858887,0.0622928865103266,0.0680913852396115,0.0651102435726367,0.0791246800472467,0.0649175715552204,0.076557745470655,0.0684111102627356,0.0643001867818264,0.0606615425464832,0.0581491869769539,0.0673648300802737,0.070692836896108,0.0664271742351828,0.073009513080983,0.0706790947748645,0.0431851969225578,0.0606947397078161,0.0686784528188461,0.0543716845407694,0.0642763639819248,0.0676243195021422,0.0807739917442548,0.0755358029855429,0.095427221564223,0.0740997665931054,0.0712157316853503,0.0630048171096949,0.0630048171096949,0.0521920755153283,0.0521920755153283,0.0664271742351828,0.073009513080983,0.0615034532671512,0.0500812070408088,0.0633493145502613,0.0710306812904691,0.0668018309516582,0.051395144353236,0.0667442229366226,0.0730453847894506,0.0636392519379843,0.0468168073658538,0.0575521235320503,0.0401018779892024,0.0624273548927601,0.0423549685731657,0.0534333290567207,0.0653927760616711,0.0591634516898286,0.0799400342146497,0.0734636508551257,0.0861384498548565,0.0606078437936421,0.0606078437936421,0.0577748392842843,0.0577748392842843,0.0393474824860586,0.0393474824860586,0.0585554104597401,0.0585554104597401,0.0549125618345226,0.0575783181943245,0.0473037373431264,0.0473037373431264,0.0473037373431264,0.0473037373431264,0.0469277953599287,0.0469277953599287,0.0470122283552545,0.0470122283552545,0.0467183896182054,0.0467183896182054,0.0358674800402247,0.0358674800402247,0.040224507436685,0.040224507436685,0.040169161147592,0.040169161147592,0.0455924545610767,0.0455924545610767,0.0386258667557718,0.0386258667557718,0.0704347657337867,0.0704347657337867,0.0527219106872228,0.0527219106872228,0.0174468215790854,0.0174468215790854,0.0583342839201643,0.0583342839201643
2018-10-31,-0.0016989769165246,-0.0264106402928336,-0.0083032320109026,-0.0200008556689096,0.0004280866420371,-0.0243296139964497,-0.0128586561733383,-0.0304311330136063,-0.0126302531741314,-0.0303257255297427,0.0003973074107206,-0.0242397963912138,-0.0014788008970737,0.0016520725081827,-7.368948625061751e-05,-0.0254220831495807,-0.0205033214823288,-0.047482494550286,0.0033813260255289,-0.002500096677579,0.001088050416446,-0.014205642026977,-0.0042567860611571,-0.0290975923365489,-0.0095114377964828,-0.034499433521991,0.0391335454707151,-0.0041370758002555,-0.0123468514992033,-0.0349046493115256,-0.0610681190360558,-0.06031626576749,-0.0613498304511657,-0.0899335796637723,-0.0403756625849755,-0.0494257728656315,-7.368948625061751e-05,-0.0254220831495807,-0.019934214695153,-0.0273372163143401,-0.020630045834872,-0.0272251097126111,-0.0128586561733383,-0.0304311330136063,7.604647945445723e-05,-0.0276053252844011,-0.0183287734903023,-0.0188304364964223,-0.0178116339819122,-0.0179762514370873,0.0014339569132704,-0.0233405054540327,-0.0121422085459525,-0.0247558436833169,-0.0037542705991162,0.0027195348744023,-0.015281752064112,-0.0357592211874655,-0.0148056527834505,-0.0366658675951306,-0.0162982941308514,-0.0312339815686966,-0.0182775967018902,-0.0355631653162466,-0.0346409305775986,-0.0443411849192359,-0.0041551594687715,-0.0041551594687715,0.0178555347427814,0.0178555347427814,-0.0121422085459525,-0.0247558436833169,0.0040367178286606,-0.0173993247881683,-0.0093679567602257,-0.02334938474078,0.007571661590361,-0.0148457263016614,-0.016697542842125,-0.0291180206246707,0.0199939614511369,0.000494008855302,0.0204512496160277,-0.0021418121533931,0.0168602639081615,-0.0095899638839868,-0.021395028984385,-0.0279484636503938,-0.0134824778795074,-0.0291214297854334,-0.0145926691905811,-0.0286726849200514,0.0016178375850301,0.0016178375850301,0.0098560763456054,0.0098560763456054,0.019832192604249,0.019832192604249,0.0015525467004276,0.0015525467004276,-0.0141980600128971,-0.0330281927349349,-0.0065917850634207,-0.0065917850634207,-0.0065917850634207,-0.0065917850634207,-0.0071989102365662,-0.0071989102365662,-0.0028186421637994,-0.0028186421637994,0.0002230340427042,0.0002230340427042,0.0204289058136087,0.0204289058136087,0.0180902903231145,0.0180902903231145,0.0192904578267661,0.0192904578267661,-0.0040849949384184,-0.0040849949384184,0.0194185598222695,0.0194185598222695,-0.0154817491505043,-0.0154817491505043,-0.0159020769604316,-0.0159020769604316,0.0225488453948981,0.0225488453948981,-0.0144893268982228,-0.0144893268982228
2018-11-30,-0.0322811796229907,-0.0281834944211211,-0.0237540531272671,-0.0141905769918654,-0.030691213645281,-0.0222215997658332,-0.022225499949779,-0.0113154321988751,-0.0236162916214862,-0.0142453285287867,-0.033011513801743,-0.0284329526870035,-0.0242955639567894,-0.0267919612323559,-0.0304486950727904,-0.0267474633894757,-0.0327702572662383,-0.0282423578295856,-0.0326324836793107,-0.0144787953950368,-0.032180029386216,-0.0209927774624851,-0.0209240460675895,-0.0111227543615133,-0.0228290442055735,-0.0195381785225793,-0.0205237801907176,-0.0071477550746948,-0.0265728015060818,-0.0216978699979561,-0.0254521494036481,-0.0163457286413869,-0.0322659651569759,-0.017835099786528,-0.0323824905626574,-0.0443926959241112,-0.0304486950727904,-0.0267474633894757,-0.0174162234875367,-0.0021049139394664,-0.0285138027010116,-0.0166850073401533,-0.022225499949779,-0.0113154321988751,-0.0191593223762011,-0.0082427839674915,-0.0101755967881372,-0.0012516990802316,-0.0308077569519848,-0.0206739375989763,-0.0182658259071089,-0.0103199221064621,-0.0232253974046577,-0.0117668720979074,-0.0236110148906956,-0.0273355961357095,-0.0143976832252531,-6.446035068064394e-05,-0.0270749816901856,-0.0176179649437675,-0.0221924652368983,-0.0108719931979717,0.0002075200436691,0.0181490149540236,-0.0163600354297168,-0.0046338008051095,-0.0088590679251089,-0.0088590679251089,-0.0225214950006022,-0.0225214950006022,-0.0232253974046577,-0.0117668720979074,-0.033305613895389,-0.0294766049545535,-0.0200452134886848,-0.0095956160947886,-0.0330108627991304,-0.0276414759530775,-0.0229463002954273,-0.0115452092058403,-0.0342600417920464,-0.0349787646239687,-0.0386580234714424,-0.0325369481360415,-0.0358741592108628,-0.0359777476713616,-0.0220960732100396,-0.0122174194150957,-0.0195910388277957,-0.0094343880354941,0.0024754523368238,0.0189675891090904,-0.007753467363654,-0.007753467363654,-0.0076939570756234,-0.0076939570756234,-0.0178946519914094,-0.0178946519914094,-0.0052544479854525,-0.0052544479854525,-0.0281878464391966,-0.0185647028403162,-0.0154371332710346,-0.0154371332710346,-0.0154371332710346,-0.0154371332710346,-0.0149502945829494,-0.0149502945829494,-0.0172440934943094,-0.0172440934943094,-0.0201092889946613,-0.0201092889946613,-0.0154693668518593,-0.0154693668518593,-0.0181004371493535,-0.0181004371493535,-0.0191310161204951,-0.0191310161204951,-0.0183490135529897,-0.0183490135529897,-0.0202641573004945,-0.0202641573004945,-0.0117326748747456,-0.0117326748747456,0.0016753596173238,0.0016753596173238,-0.02002481134895,-0.02002481134895,-0.0192167088476182,-0.0192167088476182
2018-12-28,-0.0444885127947421,0.0203627427464781,-0.0297930663135528,-0.0021593942326808,-0.0468278682066252,-0.0114169148654232,-0.0276295748589879,-0.001005331805708,-0.0221728892587888,0.0044601689820226,-0.0413476144975228,-0.0157881025256809,-0.0169472689888743,0.0343520346826304,-0.0447532388490737,0.0214188296559753,-0.0297087326111082,0.0057068792545196,-0.0681657107116222,-0.007990074421879,-0.0560501729786812,0.0063657519148442,-0.0685133979073933,0.005802085107229,-0.0640859201313972,0.0110407658243078,-0.0318526039117962,0.0057566664430051,-0.0478451189631313,0.0148035217823121,-0.016840014418001,-0.0652842616898843,-0.080177107822492,-0.0535303922008459,0.0238429210793322,0.0196282501460816,-0.0447532388490737,0.0214188296559753,-0.0137190955547974,-0.0069669672636517,-0.0306444230846717,-0.0088356272371629,-0.0276295748589879,-0.001005331805708,-0.0403947481641879,-0.0135542342373221,-0.017441117641351,-0.0091570946191892,-0.0338760384936378,-0.0090147151226787,-0.0375578732369448,-0.0124927025646505,-0.0274545922711974,-0.0072578063630719,-0.0329067468052691,0.0159280978140829,-0.0268496077215175,0.0046851722734886,-0.0221754922040297,0.0091821432884113,-0.0230834118714984,0.0038992938302685,-0.054791873072428,-0.0173725507902472,-0.0299241669356944,-0.0063589894093625,-0.0021726815538916,-0.0021726815538916,0.0155392192563429,0.0155392192563429,-0.0274545922711974,-0.0072578063630719,-0.0463066322314108,0.022374082677235,-0.024207775505413,-0.007837067123299,-0.0482500556406656,0.0267648251520834,-0.0239969891504157,-0.0069245445176104,-0.0426258138142306,0.0323927105022762,-0.0423858827282942,0.0369650000361672,-0.0612460130669831,0.0386989037025572,-0.0142803264734397,0.0111794530667302,-0.0260763844041077,-0.0026096180968606,-0.0522960460520707,-0.0266999718570399,-0.0078109392678739,-0.0078109392678739,-0.0103652728887702,-0.0103652728887702,0.0105391103055291,0.0105391103055291,-0.0071172196509458,-0.0071172196509458,-0.0211937650454513,0.0044965187260898,0.0043423733454365,0.0043423733454365,0.0043423733454365,0.0043423733454365,0.0028175633680614,0.0028175633680614,0.0039696163015192,0.0039696163015192,0.002820636968233,0.002820636968233,-0.0043883083855621,-0.0043883083855621,0.0179365075495897,0.0179365075495897,0.0194466491555303,0.0194466491555303,0.0141741641897591,0.0141741641897591,0.0195521673611736,0.0195521673611736,0.0152172375663133,0.0152172375663133,-0.0145342625814241,-0.0145342625814241,-0.001901741276001,-0.001901741276001,0.0081331084706853,0.0081331084706853
2019-01-31,0.0004909498264306,0.0015620416038828,-0.0140588148164075,-0.0075923010575014,0.0011679687954417,0.0035940005233045,-0.0137014581640815,-0.0077802828586176,-0.0119169392472993,-0.0067830765531952,-0.0033764391929207,-0.0016528497475262,-0.0085685791069075,-0.009489930993631,-0.0083572814989581,-0.0069788068679514,0.0086653750628121,0.0213399420831744,0.0421769808436923,0.0264801579419197,0.0217259812144393,0.0143913474414922,0.0285514333832048,0.0089274115087763,0.0109800302205656,-0.008754640973624,-0.0124276132958374,-0.0296488587436421,0.0017270457575536,-0.0099726445613991,0.0066497421541783,-0.0091602131867513,-0.0095580112777975,-0.011415133854995,0.0055812580129045,0.0019305063208445,-0.0083572814989581,-0.0069788068679514,-0.0200081183600691,0.0007051921896546,-0.0129451326407911,-0.0035021320027233,-0.0137014581640815,-0.0077802828586176,-0.0063565232828169,-0.0031577444806554,-0.0172551466368536,0.0044353888720458,-0.0101642212593565,0.0007478925735027,-0.0078087187139092,-0.0041840323996231,-0.0115138489662291,-0.0030111832137032,-0.0046965069877546,-0.0060889436180325,-0.00815504519124,-0.011767832564483,-0.0161816990454198,-0.0120272211430251,-0.0164020887968289,-0.0104375087176592,0.0115794336859734,0.000963640433648,-0.0146946716725776,-0.0186324592275269,-0.0037264793381422,-0.0037264793381422,0.007922407916833,0.007922407916833,-0.0115138489662291,-0.0030111832137032,-0.0005626363826842,0.0005495142222486,-0.0142100156045645,-0.0038980357925439,0.0011374678406486,0.0013650680178949,-0.0108486156214121,-0.0004642399403776,-0.0185255070406487,-0.0191525515073468,-0.0051629465072497,-0.0109965563800917,-0.0047336979733679,-0.005374546511687,-0.0130280681265312,-0.0016302725661858,-0.0128250898510889,0.0029019672820589,0.01339935483364,0.0042678764447954,0.0026044065391759,0.0026044065391759,0.0016306017164689,0.0016306017164689,0.0095259465231042,0.0095259465231042,0.0015767512837155,0.0015767512837155,-0.0141167481431019,-0.0098468977948829,-0.0081663287242515,-0.0081663287242515,-0.0081663287242515,-0.0081663287242515,-0.0022128627302278,-0.0022128627302278,-0.0094487762881455,-0.0094487762881455,-0.0084550892888009,-0.0084550892888009,0.0229385304378766,0.0229385304378766,0.0052415439453067,0.0052415439453067,0.0049551983180673,0.0049551983180673,-0.0064375379275021,-0.0064375379275021,0.0114292745772257,0.0114292745772257,-0.0057668099723727,-0.0057668099723727,-0.0012301862312822,-0.0012301862312822,-0.0122449999627604,-0.0122449999627604,-0.0203524439841757,-0.0203524439841757
2019-02-28,0.0642879564658727,0.0544161094001484,0.0666901928394792,0.0705960714386775,0.0535988786157632,0.0492138975545562,0.0664154655630468,0.0714758213925669,0.0605604374427531,0.0631032690536325,0.0491476896366395,0.0430618808799422,0.0674496844680508,0.0704329580301781,0.0638424038742522,0.0535843702843803,0.0646419898048283,0.0526329343579709,0.0776883322524329,0.0650367678899932,0.0710956754019702,0.0599343255447546,0.0765238298908954,0.0672878398787938,0.0520559434150161,0.0421992148701554,0.0745584921356619,0.0897397053284801,0.0724847421688587,0.0530588284495353,0.0830941718103582,0.0307763367150158,0.0805650113400966,0.036902055819287,0.0244015002563817,0.0260698517935823,0.0638424038742522,0.0535843702843803,0.0770835242432569,0.0804534220720564,0.0806341345477199,0.0855084891371957,0.0664154655630468,0.0714758213925669,0.0625795624620274,0.0655053932432423,0.0794532143804797,0.0822864180724931,0.0805663046867336,0.0862943971683675,0.0645778399378629,0.0672596896275367,0.0692418502736727,0.0735713547227006,0.0734713748845345,0.0771533518075493,0.0568936778418482,0.058339714201943,0.0655262903464982,0.0679109328733076,0.0663056012938499,0.0714560699794462,0.0741059753804377,0.0876235007091134,0.0717548653405091,0.072918085896787,0.0732547756449696,0.0732547756449696,0.0579896932937913,0.0579896932937913,0.0692418502736727,0.0735713547227006,0.0642105004826329,0.053242225315164,0.0709328505153117,0.076216867088178,0.0692039303562942,0.0577056250596994,0.0701387127025361,0.0742251873275845,0.0635303911902768,0.0540827550476457,0.0778033682619192,0.0693793406444319,0.0689848474977175,0.0521899820398056,0.0743767089554406,0.0767367166895009,0.0722745403006933,0.0773885874669459,0.0758655346220929,0.0916763751878876,0.074798811148652,0.074798811148652,0.0703592223448555,0.0703592223448555,0.0769554222981087,0.0769554222981087,0.0767130526974097,0.0767130526974097,0.0684212376661108,0.0704003686584709,0.0717439747893852,0.0717439747893852,0.0717439747893852,0.0717439747893852,0.0787687030654472,0.0787687030654472,0.062395983110198,0.062395983110198,0.0560998491493703,0.0560998491493703,0.0805626011353096,0.0805626011353096,0.0697142553378647,0.0697142553378647,0.0654941355788197,0.0654941355788197,0.0688214790495168,0.0688214790495168,0.0751235984396631,0.0751235984396631,0.071349213004382,0.071349213004382,0.0763758758472984,0.0763758758472984,0.0783593631445494,0.0783593631445494,0.0533819458344476,0.0533819458344476
2019-03-29,0.0155405185920191,0.0050142249893623,-0.0109937782794583,-0.0253450917756989,-0.003483613145353,-0.0164092119561417,-0.0158821893022213,-0.0297086025915322,-0.0184936747655334,-0.0312507479979345,-0.0054092453935393,-0.014783657709528,0.0275254782583007,0.0088447159452132,0.0092400098846253,-0.001407634069779,0.0021312417354386,-0.0026508133044785,-0.0212104239020912,-0.0236247017071149,-0.0026528142749014,-0.0091447690926342,0.0156458530217099,-0.0156397060481622,0.0146112116878178,0.001440063614744,0.0160112206735386,0.0145817737980988,0.0178033566997477,0.003235550892352,-0.0204904074073548,-0.0322192843144765,-0.0255086696541444,-0.0338108132101468,-0.0093635347631874,-0.0234612506288734,0.0092400098846253,-0.001407634069779,-0.0092424613880047,-0.0162448320904351,-0.0163280526416142,-0.0275398917413028,-0.0158821893022213,-0.0297086025915322,-0.0088329217639461,-0.0199374683105786,-0.0011409264059262,-0.0077883656986708,-0.0093400632139225,-0.0208941465512366,-0.004792265716527,-0.0164692903918815,-0.0114816743518886,-0.0213154621661927,0.0453466202717759,0.0345701690617874,-0.0049493364612168,-0.0221516023700593,-0.0026264750211042,-0.0141829834097125,-0.0192041753810926,-0.0340207151277985,-0.0102442520799974,-0.0402146949332453,-0.0111040026833997,-0.0300857559863795,-0.0308418944292299,-0.0308418944292299,9.484024676654872e-05,9.484024676654872e-05,-0.0114816743518886,-0.0213154621661927,0.0169034601133702,0.0042182734652712,-0.0130309189747851,-0.0228638994251375,0.0136820816814723,-0.0029966579503679,-0.0135618939950283,-0.0228388173820952,0.0068325665044396,-0.018378139030837,0.0098307900864144,-0.0125314190603479,-0.0028125901718026,-0.0126962037149353,-0.0157772627678197,-0.0265112250491802,-0.0191848785720077,-0.0280876563139918,-0.008624595808966,-0.0366091688540238,-0.025008642640992,-0.025008642640992,-0.0225798236359025,-0.0225798236359025,0.0293971955621963,0.0293971955621963,-0.0255847483611643,-0.0255847483611643,0.0020070638052831,-0.0054046296708183,-0.0091002796828253,-0.0091002796828253,-0.0091002796828253,-0.0091002796828253,-0.006269195660815,-0.006269195660815,-0.0097962925833464,-0.0097962925833464,-0.0098441919287635,-0.0098441919287635,0.0549708678330782,0.0549708678330782,0.0130801516472542,0.0130801516472542,0.007829114707911,0.007829114707911,-0.0075379378446926,-0.0075379378446926,0.0331863773236535,0.0331863773236535,-0.0041495156698652,-0.0041495156698652,-0.007995766931708,-0.007995766931708,-0.0069004144285231,-0.0069004144285231,0.0044459604255861,0.0044459604255861
2019-04-30,0.0268300801322653,0.0466428767744855,0.0067391051237464,0.0215224388781187,0.0219446729337423,0.0482744408695337,0.0040354959960957,0.0205752334385688,0.0102156874075212,0.0218523699451807,0.0222387865296189,0.0456106746257214,0.0058190656040016,0.0336882224433488,0.0312857805293376,0.0516615143183628,0.0307886296155254,0.0437649562396109,0.0191925832091556,0.027037899855017,0.0232367222159988,0.0370256867728541,0.0167960661458707,0.0460813937729033,0.0259815066381571,0.0454824774634183,0.0094101322009394,0.0715309788161259,0.0406427989649197,0.0681154048322066,0.0496130877107733,0.0538641345785293,0.0585557074120031,0.0650139840886746,0.0360309559936677,0.0200522526195856,0.0312857805293376,0.0516615143183628,-0.0217753525356516,-0.0004076027781418,-0.0061039787226157,0.0107430539389821,0.0040354959960957,0.0205752334385688,0.0116449123218763,0.040340975357311,-0.0215408086982717,-0.0012300195136255,-0.0024731675720862,0.0102779437705583,0.0096748385670632,0.0407775746943835,-0.0022427913459922,0.0190149346382051,0.0002920809441474,0.0326513926823242,0.0109864905918818,0.0197620683276404,0.0146775716990221,0.0344561075411834,0.0121937278063394,0.0294913237724625,-0.0201107097863262,0.0166221684418163,0.0164119386120215,0.0334719340124418,-0.0002193561317383,-0.0002193561317383,0.0231398225263745,0.0231398225263745,-0.0022427913459922,0.0190149346382051,0.0146553771124137,0.0506740858544612,-0.002626953775163,0.0196861245831241,0.0129876995773009,0.0502842693803048,-0.0025028766529121,0.0190540638419016,0.0208103248912687,0.0578924132858382,-0.0003126182220477,0.0406076638359245,0.0063852304219873,0.0457554729953791,-0.000909595450096,0.019523707609544,0.0016392192362908,0.0171402564779746,-0.0242666551062514,0.0190363334888105,-0.0071859991406859,-0.0071859991406859,0.0032506947881583,0.0032506947881583,-0.0039701558628453,-0.0039701558628453,-0.0077390094295919,-0.0077390094295919,0.0095610252373896,0.0337210223306327,0.0054569874894882,0.0054569874894882,0.0054569874894882,0.0054569874894882,-0.0017238622545805,-0.0017238622545805,0.012096543330635,0.012096543330635,0.0144446732661329,0.0144446732661329,-0.0118598817676096,-0.0118598817676096,-0.0008338509028466,-0.0008338509028466,0.0017100933176699,0.0017100933176699,0.0072258831955994,0.0072258831955994,-0.0035306836153403,-0.0035306836153403,0.0161153644280931,0.0161153644280931,0.0104166627383318,0.0104166627383318,0.0107116534913759,0.0107116534913759,0.0113172095548178,0.0113172095548178
2019-05-31,0.0188098577688528,0.0342075008467143,0.0328540331285012,0.0490463638820239,0.0134034700538206,0.0275991718696831,0.0313374438040284,0.0503253842187074,0.0317523068375307,0.0506471160135492,0.012068959735181,0.0256158674799995,0.0355611654767995,0.0455411586042937,0.0188150401415775,0.0358721451147223,0.0103303011879324,0.0170919857909745,0.0457437729288813,0.0455393394632489,0.0324843268606095,0.0402333740333809,0.0208877496758526,0.0348228121199563,0.0201702077756039,0.0355371872548003,0.0093461932417199,0.0157749229195974,0.0186336402942339,0.0393093887158531,0.0368381486112298,0.0217900337041972,0.0323035999933067,0.0116252102480966,0.0163040706198961,0.0220794554338476,0.0188150401415775,0.0358721451147223,0.0237114072643644,0.0364358598275064,0.033772749952631,0.0519188474092558,0.0313374438040284,0.0503253842187074,0.0170242535834217,0.0316323186095176,0.0248837573897439,0.0346736980867235,0.0351243428410807,0.0493747702455381,0.0161375578532748,0.03032409584904,0.0286545256232666,0.0443426220441623,0.0282959421551041,0.0360002079305229,0.0160768361798808,0.0301091742792285,0.0196934757263508,0.0396973822331881,0.0340485549261181,0.0545983657905973,0.0316080888236004,0.0486712572851664,0.0203316387752428,0.0406894928874544,0.0486250952389896,0.0486250952389896,0.0327998440401976,0.0327998440401976,0.0286545256232666,0.0443426220441623,0.0255617574134369,0.0433955428745705,0.0321995967991942,0.0482042122469799,0.0244066119651532,0.0441410623883036,0.0318010645761995,0.0479012390712524,0.0114232855591635,0.0359535873391262,0.0109335994363851,0.0391732724623602,0.0139381053841422,0.0527744552034455,0.0184397293123102,0.0412738227446328,0.0245470842242221,0.0569419607407105,0.0337888608731659,0.0468449013147426,0.0420702275685266,0.0420702275685266,0.0284953337227822,0.0284953337227822,0.0342091419621573,0.0342091419621573,0.0456867020870476,0.0456867020870476,0.0168334298563442,0.0328044477374213,0.0294741839187543,0.0294741839187543,0.0294741839187543,0.0294741839187543,0.0296359904899841,0.0296359904899841,0.0248903413851331,0.0248903413851331,0.0232273454847069,0.0232273454847069,0.031570971772207,0.031570971772207,0.0367779829351765,0.0367779829351765,0.0410324341858843,0.0410324341858843,0.0305843133961192,0.0305843133961192,0.0318913137845477,0.0318913137845477,0.0398561108681095,0.0398561108681095,0.0129676176864311,0.0129676176864311,0.0190915228950776,0.0190915228950776,0.0209854496965693,0.0209854496965693
2019-06-28,-0.0045559579145692,0.0119422539265405,-0.0038095890985643,0.0125761476396155,-0.0064860298557354,0.0063793937963836,-0.007848869218134,0.0084350267445563,-0.0029778646894224,0.0129296691104203,-0.0106900653040142,0.0011842725927881,0.0231153261997276,0.0419996077833365,-0.021710000301425,-0.0038605139335771,-0.0150293035847318,-0.0124517865163282,-0.0112000555032967,-0.008105691582323,-0.007702289491559,0.0020940156601068,-0.0211139336905105,-0.0131334822347638,-0.021970349035801,-0.0054721383012085,0.0189938758718386,0.0156253638082961,-0.0042091655494506,0.0024364629426017,-0.029242376978255,0.0212050334142462,-0.0006463960156246,-0.0067096369046587,-0.0022151556490923,0.0067093651561487,-0.021710000301425,-0.0038605139335771,-0.0053697604836409,0.0060494180146588,-0.0109939903350722,0.0016817312454483,-0.007848869218134,0.0084350267445563,-0.0072713440150079,0.0092687154123848,0.0044784981420339,0.0160221397281757,-0.0075736708341071,0.0050978199030847,-0.0043510007601924,0.0141244942901089,-0.0031924742433937,0.0093189047390532,0.0288175473668608,0.0482763343728248,-0.0129636193550478,0.0013741155563143,0.009256754779448,0.0264414839113875,-0.0040388345744842,0.0112603186367126,-0.0415280700198622,-0.0299507251010117,-0.0261612337446269,-0.0144347741134274,0.0098455609140507,0.0098455609140507,0.0125511365800456,0.0125511365800456,-0.0031924742433937,0.0093189047390532,-0.0043963638853119,0.012339511190397,-0.0044889661404608,0.0079469032824002,-0.0072117330824664,0.0128636336985161,-0.0026626474136296,0.009169644086473,-0.020112019340156,0.0009637563424961,-0.0268094549362291,-0.0072126937620593,-0.0137126892948828,-0.003162148903377,-0.0153283994636051,-0.0105688607596634,-0.0072760325226274,-0.007869230193347,-0.0428168806006,-0.0294955827052201,0.0132957392716891,0.0132957392716891,0.0166390019562106,0.0166390019562106,0.0471312769780808,0.0471312769780808,0.0134260770277957,0.0134260770277957,0.0135224067431492,0.0252984306304308,0.0280923486836353,0.0280923486836353,0.0280923486836353,0.0280923486836353,0.0273731534793827,0.0273731534793827,0.0233781750045223,0.0233781750045223,0.0171636051519589,0.0171636051519589,0.0477435756146322,0.0477435756146322,0.0331331237897013,0.0331331237897013,0.0218590801371159,0.0218590801371159,0.0239773034388245,0.0239773034388245,0.0372263237070682,0.0372263237070682,0.0254322744012885,0.0254322744012885,-0.014858422788795,-0.014858422788795,0.0236025529732311,0.0236025529732311,0.0260319176584343,0.0260319176584343
2019-07-31,0.0024333716829639,-0.0112857077968565,0.0104103843748165,-0.0114752999766364,0.004535559710647,-0.0197871466289781,0.0098863885357601,-0.0117656805492514,0.0097437618858113,-0.0131134891494819,0.0040996986129876,-0.0211336776236031,0.010587443071945,-0.0022869999612916,0.0039196986113128,-0.0116893729018525,-0.0172026005175469,-0.0209787652429698,0.0032823795869173,-0.0157475786466367,0.0030501070450011,-0.0134008160761618,0.0071923929645314,-0.0051171364356015,0.0148022150213207,2.909106839699637e-05,-0.0268220249818407,-0.0091556418070616,0.0125057502215842,-0.0007885316957003,-0.0319512679062582,-0.0090999203069714,-0.0250761845109135,-0.0064556926111041,-0.0090159417240776,-0.0430885336030979,0.0039196986113128,-0.0116893729018525,0.0062096405684273,-0.022909204017595,0.0119479128991911,-0.0146657519917762,0.0098863885357601,-0.0117656805492514,0.020678190172719,-0.0063867088782208,0.0073706309441426,-0.0221415544449195,0.0140068232651488,-0.0136406044432557,0.0207684770199637,-0.0063473707100076,0.0108776395994665,-0.0147632120762102,0.0158939608513077,-0.0050825636214049,0.0079133609837041,-0.0054663210899238,0.0082700248112738,-0.008312419229802,0.0120274083402963,-0.0104007686552116,0.0158575782767275,-0.0074107538358071,0.0135614341136645,-0.0085469939371417,-0.0135579296873981,-0.0135579296873981,-0.0168457616551961,-0.0168457616551961,0.0108776395994665,-0.0147632120762102,0.0074580753915757,-0.0154771317495027,0.013314470048861,-0.0172535826586136,0.0128892088063987,-0.0133795158903124,0.0119172727823006,-0.0164362762119991,0.025017051322887,-0.0009160691452578,0.0176111608384468,-0.0108373864101112,0.0076452133838475,-0.0146663353297463,0.0148912371122688,-0.0148062431036755,0.0077913220198725,-0.0204547439684608,0.0207085014485553,-0.0101823768957461,-0.0164573687249776,-0.0164573687249776,-0.0081047684671688,-0.0081047684671688,-0.0113269438585827,-0.0113269438585827,-0.018783082828985,-0.018783082828985,0.0096851005627837,-0.0101044809704508,-0.0133625013729895,-0.0133625013729895,-0.0133625013729895,-0.0133625013729895,-0.0192898221244645,-0.0192898221244645,-0.0110981931389995,-0.0110981931389995,-0.0136266651104011,-0.0136266651104011,-0.0189279030510469,-0.0189279030510469,-0.0105760982116888,-0.0105760982116888,-0.0136303717412925,-0.0136303717412925,-0.0060653830973641,-0.0060653830973641,-0.0028654348228863,-0.0028654348228863,-0.0179020065555803,-0.0179020065555803,0.007755978706558,0.007755978706558,-0.0112977430930662,-0.0112977430930662,-0.0108112733177197,-0.0108112733177197
2019-08-30,-0.0080103743694066,-0.0098353060103751,-0.0193255848590083,-0.0203206883060415,-0.012573004844924,-0.0137630404056029,-0.0201891687094861,-0.0212136764796067,-0.0182555241619595,-0.0189001158479845,-0.0084497745997062,-0.0092824741594058,-0.0120941011411895,-0.0128382959547898,-0.0095212474472121,-0.0113954087620927,-0.0045486829577637,-0.0054269345104694,-0.0129300043277534,-0.0119072588672325,-0.0103319696042499,-0.0107000595404511,-0.0058814122522524,-0.0061839104413518,-0.0208638629817817,-0.0158982805333653,-0.0031458576871857,-0.0079797700485625,-0.0089982301590465,-0.0097152940514867,-0.0107682335487975,-0.0146358374854666,0.0024662210837582,-0.0130148001575412,-0.0112518778642394,-0.0107882413114937,-0.0095212474472121,-0.0113954087620927,-0.0156629540761382,-0.014841318799293,-0.0183981758844614,-0.0182951442568353,-0.0201891687094861,-0.0212136764796067,-0.0171219102211388,-0.018252166661288,-0.0118328647072454,-0.0112122599430311,-0.0173737082184199,-0.0171643551125816,-0.0174403002904525,-0.0185079805550043,-0.0171553325471418,-0.0176848218547122,-0.0100567659135778,-0.0101667876767199,-0.0254410435669413,-0.0261898395749282,-0.0214995226398672,-0.0204014281973724,-0.0221246973372081,-0.0218179174559793,-0.0314718441876188,-0.0194689754095304,-0.0333130839334111,-0.0219019012035021,-0.0181707600761568,-0.0181707600761568,-0.0063352710777724,-0.0063352710777724,-0.0171553325471418,-0.0176848218547122,-0.0056628634311931,-0.0061500122357827,-0.0171167682390575,-0.0162851183000506,-0.008840916940504,-0.009372622708014,-0.0186557157466393,-0.018747479095842,0.0009649216082937,0.0022638609710078,-0.0104642117925827,-0.0118756411904291,-0.0069655980524866,-0.0154678950515442,-0.0208935886266951,-0.0218809252525974,-0.0205047929517518,-0.0271597530755756,-0.0246895767078168,-0.015649833192281,-0.0149035117352983,-0.0149035117352983,-0.015557165465067,-0.015557165465067,-0.0064408641892719,-0.0064408641892719,-0.0144055858971285,-0.0144055858971285,-0.0188768833189111,-0.0174713525029607,-0.0158929673509958,-0.0158929673509958,-0.0158929673509958,-0.0158929673509958,-0.0146965577351103,-0.0146965577351103,-0.0158674977152662,-0.0158674977152662,-0.0150812141317088,-0.0150812141317088,-0.004019458495573,-0.004019458495573,-0.0079961391010697,-0.0079961391010697,-0.0074051971305389,-0.0074051971305389,-0.0156770181921718,-0.0156770181921718,-0.00718446965071,-0.00718446965071,-0.0139962992957248,-0.0139962992957248,-0.0174165539714551,-0.0174165539714551,-0.0341997516505901,-0.0341997516505901,-0.0164291032102241,-0.0164291032102241
2019-09-30,-0.0001542657477405,-0.0053535994713904,0.009606093091225,0.0062260795177352,0.0113739990897589,0.0068429472101923,0.0102123425327644,0.006071886756032,0.0042059739120906,-0.0002168914119924,0.0052575969923543,0.0003058676688878,0.0050399572745586,0.0029248976532633,-0.0065077201986333,-0.0099360553971479,0.0042413826989631,-0.0095887012407183,-0.00944842806888,-0.0134269264920739,-0.0045700825491517,-0.0091616147540223,-0.0040547134771408,-0.0100742636641083,-0.0107988176356201,-0.0129894624622852,-0.0081982745897126,-0.0169767539241753,0.0009321269007626,-0.0037664415672192,-0.0055697447770867,-0.0095905600183416,-0.0138931086433997,-0.0239478376628444,-0.0096173780344247,-0.0042549403940185,-0.0065077201986333,-0.0099360553971479,0.0252402431086282,0.0218282862542863,0.0156889162652629,0.011204873377388,0.0102123425327644,0.006071886756032,0.0112983965399402,0.0064736907943828,0.0213340671673918,0.019417774888407,0.0154201065947628,0.0112247003812051,0.0116651201522714,0.0069889696317329,0.015099546963885,0.0101488773127177,0.0101981487951107,0.0076293724824976,0.0027297530821079,0.0027998584523851,0.0121387282794018,0.0112120169439879,-0.0014877158410624,-0.002275420450746,0.0006602458998017,-0.000272587576344,0.0079015406464447,0.0075039796805693,0.0060713481606327,0.0060713481606327,-0.003141261940997,-0.003141261940997,0.015099546963885,0.0101488773127177,-0.0029873628203572,-0.0083339901470939,0.0112325227101748,0.0065079124261898,-0.0010965674168918,-0.0051306880213958,0.0159861092190992,0.0100146778513508,-0.0120198562733319,-0.0115734469513538,-0.0007059144426049,-0.0027884450091225,0.0013029287098342,-0.0107908896743094,0.0158897213180708,0.0119041950929298,0.0198691469033097,0.0087306215683518,0.0033932137731784,-0.0014747578304235,0.0102313922619215,0.0102313922619215,0.008054096359775,0.008054096359775,0.0070952036186464,0.0070952036186464,0.007070848298298,0.007070848298298,0.0157025907980348,0.0141802513796396,0.0136368780529049,0.0136368780529049,0.0136368780529049,0.0136368780529049,0.0167280817985175,0.0167280817985175,0.0118087731237956,0.0118087731237956,0.011510804842821,0.011510804842821,0.0111234971330895,0.0111234971330895,0.0022933410428557,0.0022933410428557,-0.0004679051303723,-0.0004679051303723,0.0137475959195282,0.0137475959195282,0.0071227702979085,0.0071227702979085,0.0128325726483929,0.0128325726483929,0.0126697611589282,0.0126697611589282,0.0085074613376905,0.0085074613376905,0.0162911589582869,0.0162911589582869
2019-10-31,0.0289130949508728,0.0124365083059399,0.0175718448980644,0.0105619534628759,0.0228163479140759,0.0111366771765965,0.0167293912183902,0.0096144266553425,0.0169395713697276,0.0091755855899719,0.0278979954740658,0.0154839891984457,0.0121609180186929,0.0064379551416499,0.024847262090706,0.0084471681308348,0.0166913747004294,-0.0095531088491401,0.0466220378644629,0.0456209667879679,0.0378229183084638,0.029139775717368,0.0174563760813723,-0.0022043585476653,0.0054585236618837,0.0068294446436253,0.0337795848945786,0.0236362081341947,0.0255971770860125,0.0065866914717314,0.0009326553412512,-0.0104155077475622,0.0003378341482335,-0.0181610501161933,0.0139412440450441,0.0179552758109391,0.024847262090706,0.0084471681308348,0.030682659476381,0.0263670809636655,0.0216908407089778,0.0155280233586505,0.0167293912183902,0.0096144266553425,0.0289779113131889,0.0194346195457146,0.0280253441943887,0.0233270017275407,0.021201370509507,0.0151707140010858,0.0281446031543091,0.0189140720106987,0.0230472262923713,0.0162284036300861,0.0258577235407797,0.0202079127407287,0.0036752952684676,-0.0022280463137928,0.0139339501589992,0.0104272650230834,0.0125518219703008,0.0061120453704591,0.0093987464941506,0.0019682748527418,0.006512508895424,0.0020029677017395,0.0132497177582794,0.0132497177582794,0.0205712528742533,0.0205712528742533,0.0230472262923713,0.0162284036300861,0.0250156648162882,0.0117047364587733,0.0242255060221796,0.0178395799667829,0.0253909060986261,0.0142644862295184,0.0185449342412065,0.0122486803287339,0.0239798910170466,0.0114477641934179,0.0211590356154183,0.009727138525461,0.01805622414225,0.0140691482855542,0.0118777099479804,0.0063333806299325,0.0106318186831111,0.0099422580292783,0.0164047116783298,0.0084663731340075,0.0201118385647769,0.0201118385647769,0.0239218084944628,0.0239218084944628,0.0229589392267594,0.0229589392267594,0.0211700413352446,0.0211700413352446,0.017064360138087,0.0137906069023141,0.0154046473729159,0.0154046473729159,0.0154046473729159,0.0154046473729159,0.0163351513673693,0.0163351513673693,0.0166211912013422,0.0166211912013422,0.0172195559423461,0.0172195559423461,0.029522444629252,0.029522444629252,0.0244096902016003,0.0244096902016003,0.0261674608336124,0.0261674608336124,0.0140979236213268,0.0140979236213268,0.0212758845896498,0.0212758845896498,0.0132491426997801,0.0132491426997801,0.0078669568419591,0.0078669568419591,0.0111062629377273,0.0111062629377273,0.0160625990556565,0.0160625990556565
2019-11-29,0.0083025373564162,0.0069813602394425,0.0055458191629479,0.0013433655155113,0.0042460012102477,0.0026495286473849,0.0053153866754668,0.000724313168507,0.0105029987939719,0.0069846557857236,0.0115002681233179,0.0106415011430592,0.0048995140320707,0.0018951681406988,0.0038962796954537,0.0031772995134918,0.0096862518013484,0.0034172596040451,-0.0097918488151642,-0.0119532679912308,-0.0006353156356505,-0.0023442317677662,0.0087010774138893,0.0032042349047007,0.0105513798020608,0.0075724217952794,0.0099945939344027,0.0076156995555797,0.0171869362651812,0.0113580082254663,0.0102088184179913,0.0026374298609041,-0.0009431748106227,0.0012229059472594,0.0078961233084667,0.0037270606684422,0.0038962796954537,0.0031772995134918,0.0097807247826695,0.0005035162106014,0.0049827936124378,-0.0008306024031788,0.0053153866754668,0.000724313168507,0.0030436214202799,7.522286826600359e-05,0.008379423325057,0.0001153530625916,0.004138522659208,-0.0018615546570136,0.0039901881774113,0.0010166182335312,0.0057345601219531,0.0011882057338301,0.0056699980260929,0.0012071804228445,0.0076710843495837,0.0046259106924093,0.0024369968939261,-0.0007186658832103,0.0033846639503959,-0.0008842648332582,0.0060695072834534,-0.0009239901392755,0.0031725919188103,-0.0016771145105661,0.002607785877531,0.002607785877531,0.0071433109328763,0.0071433109328763,0.0057345601219531,0.0011882057338301,0.0068303230310246,0.0055170094985186,0.0046069086451432,0.0001011959824233,0.0070298931470116,0.0060269501847371,0.0044226911106196,-0.0003949720776506,0.0103547948591268,0.0100066712663363,0.0048517079634127,0.003399167756896,0.0011081113976103,-0.0001330346698704,-0.0002785814949925,-0.0057400295843515,-0.0040417477333465,-0.0092446233791085,0.0056837935541133,-0.0005277424690863,0.0030936148385577,0.0030936148385577,0.0024420981330637,0.0024420981330637,0.0042784645672924,0.0042784645672924,0.0018757056877943,0.0018757056877943,0.0029354976024293,-0.0001697647306715,0.0018174217097204,0.0018174217097204,0.0018174217097204,0.0018174217097204,0.0037881993176733,0.0037881993176733,0.0016444039985877,0.0016444039985877,0.0021414974045464,0.0021414974045464,0.0041976189683735,0.0041976189683735,0.0069329019716446,0.0069329019716446,0.0085339818968541,0.0085339818968541,-0.0051399570789842,-0.0051399570789842,-0.0024559983728537,-0.0024559983728537,-0.0128834239798564,-0.0128834239798564,-0.0003259058625515,-0.0003259058625515,0.0005200898181297,0.0005200898181297,0.0028791817270105,0.0028791817270105
2019-12-30,0.0304161569555406,0.0180508807052156,0.0284730122360876,0.0227050292890638,0.0312576657561747,0.0210946755875736,0.0264973827968351,0.0201821440820845,0.0316319180712341,0.0218625888262595,0.0311336375662428,0.0212473664904286,0.0311561943447098,0.0283991053355936,0.0282180863792824,0.0153281751967302,0.0305910511252307,0.016156742845925,0.049015414702325,0.0575235998308149,0.0400291502650634,0.038047987728548,0.0372614282737999,0.0240432511146086,0.0244182540981394,0.0115630759055589,0.0305478978832965,0.0141850446137638,0.0211964193966392,0.0056063894714697,0.0009089186681305,0.0305579528391149,0.0074788695775402,0.0245583719680495,0.0308245771322333,0.0175929150828312,0.0282180863792824,0.0153281751967302,0.0209824184216982,0.0183663372197408,0.0170447950934247,0.0119186088514271,0.0264973827968351,0.0201821440820845,0.0335070793821491,0.0281034200085661,0.0261055780082148,0.0239965504582745,0.022935994653097,0.0177207796377444,0.0333271932931287,0.0276599997038584,0.0248382593481991,0.0199175855099556,0.0283458415734199,0.0252833982588326,0.0250072754280222,0.0200332378032224,0.0232083668220109,0.0210039375870144,0.0241517465295721,0.0171780599378691,0.0274594544457602,0.0216584350322086,0.0148554173539767,0.003834892045383,0.0269280092186434,0.0269280092186434,0.0315089315806519,0.0315089315806519,0.0248382593481991,0.0199175855099556,0.0325606993754621,0.0238244967010084,0.0246219893361408,0.0202311882203784,0.0296216655812008,0.0206627418882466,0.0274241930417952,0.0228744828174179,0.0262398229250212,0.0174171236124445,0.026881307283553,0.0146026089700438,0.0321784329399085,0.0259736679645333,0.0200609024755788,0.0121539968040216,0.025523742931636,0.0270344147731927,0.024643050367119,0.0207745704620708,0.0253039262933933,0.0253039262933933,0.0337831150818981,0.0337831150818981,0.0293737030158848,0.0293737030158848,0.0247874447472395,0.0247874447472395,0.0225108275498084,0.0209158894381669,0.0235631728198968,0.0235631728198968,0.0235631728198968,0.0235631728198968,0.0206666375109973,0.0206666375109973,0.0296165284670228,0.0296165284670228,0.032190170951174,0.032190170951174,0.031115405564857,0.031115405564857,0.0295608914397559,0.0295608914397559,0.0303086119590341,0.0303086119590341,0.0340513818447866,0.0340513818447866,0.0397362665795011,0.0397362665795011,0.0215534336927907,0.0215534336927907,0.0144912137434275,0.0144912137434275,0.0214280845591755,0.0214280845591755,0.024590736205421,0.024590736205421
2020-01-31,0.0070297507222999,0.0040110329850598,-0.0050277921741889,-0.0095557618015614,0.0057633662190248,0.0030664585499081,-0.0045271998617424,-0.0084616345871315,-0.0060451493843721,-0.0087472505324388,0.0070640213006139,0.0041039249644979,0.0027999482302549,-0.0045592576874832,0.0071941229579248,0.0028702854863528,0.0046435403078794,0.0025995512865483,0.0038588757081325,0.004738510110132,0.0057724201155507,0.0046285003410649,0.0025933259375294,-0.0010742475457938,-0.0049804457949527,-0.0068409241743276,-0.0326672228424882,-0.0379371642089212,0.0034811442326295,8.652211298713019e-05,-0.0069863791469822,-0.0114879464133435,-0.0078961219137456,-0.0235109926123831,0.0053524115265849,0.0090344584626085,0.0071941229579248,0.0028702854863528,0.0014330846768004,0.0018562187187415,0.0002019901961065,-0.000942193080967,-0.0045271998617424,-0.0084616345871315,0.0003695336699489,-0.0017183288062308,0.0015605513265531,0.0016260576219794,8.724901790501207e-05,-0.0011873169219876,0.0003042065778369,-0.0017486443907909,0.0005023953031402,-0.0008043066577685,0.0033785633094479,-0.0014357190613135,-0.0034362844123531,-0.0079062238197181,-0.0047104551118208,-0.011298001254073,-0.003890370400708,-0.0096714537685002,-0.0098565179199538,-0.0149617459914066,-0.006981080456188,-0.0121472235891962,-0.0024627393302185,-0.0024627393302185,0.0108719679664113,0.0108719679664113,0.0005023953031402,-0.0008043066577685,0.0073266078442871,0.0053739198062254,0.0003856288626796,-0.0005443279395132,0.007996878183351,0.0055813332715909,0.0022554485869963,0.0010044034232829,-0.0007825655733589,-0.0033357140992346,0.0031706880982129,-0.0038021018224979,-9.33398998905564e-05,0.0001875524944633,0.0029692068578999,-0.0108908689956971,-0.0026562840947725,-0.0029089727113788,-0.0047313280652463,-0.0077215851335847,0.0039635245919734,0.0039635245919734,0.0028413343569883,0.0028413343569883,0.0065002106715422,0.0065002106715422,0.0045574623428428,0.0045574623428428,-0.0013511703180579,-0.0062577880764808,-0.0013258655855822,-0.0013258655855822,-0.0013258655855822,-0.0013258655855822,-0.0008659521906323,-0.0008659521906323,-0.0008658404936292,-0.0008658404936292,0.0006231421269995,0.0006231421269995,0.0080317054719913,0.0080317054719913,0.0063376303248941,0.0063376303248941,0.0066939210709932,0.0066939210709932,0.008471365036457,0.008471365036457,0.0105432559769621,0.0105432559769621,-0.009281049087549,-0.009281049087549,0.0008214602631881,0.0008214602631881,0.0003529217792609,0.0003529217792609,-0.0008437278416621,-0.0008437278416621
2020-02-28,-0.023894665973154,-0.0132232416554682,0.0024505414917892,0.0149860630734775,-0.0165887732497439,-0.0056175803329027,0.0039968834180947,0.0168258774156051,-0.0061112893597588,0.0072528926059224,-0.0153886220179763,-0.0051383409430983,-0.018554452974019,-0.0105650023096808,-0.0300507584028091,-0.0218788581256521,-0.0441004418948856,-0.023802314602538,-0.0239180941940289,-0.0179801671575186,-0.0237361017712597,-0.0153423670922754,-0.0069969202127571,-0.006740335485152,-0.0376348520591304,-0.0439358089317499,-0.0235609684393417,-0.0081052123624364,-0.0247289151697198,-0.0246298686493254,0.0085733007038166,-0.0061207417162684,0.0103566194958181,-0.0252571244798624,-0.0332393601275356,-0.015797461641169,-0.0300507584028091,-0.0218788581256521,0.0179699028408596,0.0331457501385541,0.0109646761050848,0.0245953631666436,0.0039968834180947,0.0168258774156051,-0.0094458135450157,0.0017386103674952,0.0112205068281904,0.0260153994456052,0.0093687248398421,0.0229224953444951,-0.0118889097480272,-0.0012938936603921,0.010908043421931,0.0246513720222072,-0.0251773458698849,-0.0179046945844477,-0.003133917595662,0.0087187948558731,0.0053317589338545,0.0138749727842441,-0.0002299601684353,0.009866095286851,0.0122504820750218,0.0122992331222061,0.0023910738125552,0.0043190660475452,0.0044067515096186,0.0044067515096186,-0.0235635764972609,-0.0235635764972609,0.010908043421931,0.0246513720222072,-0.0126267337908946,-0.005590691246245,0.015909277793148,0.0293172742351735,-0.0138703968175362,-0.0063017624495397,0.0144854593663652,0.0275410022192952,-0.0238183813735741,-0.020209726270947,-0.0062392495522268,0.0020203276729516,-0.0068219791406228,-0.0026472633522656,0.0264695100133465,0.0412157412699006,0.0251907240366688,0.0375707742739194,0.0243624214345223,0.022025458619396,0.0113177837780277,0.0113177837780277,-0.0117227102576351,-0.0117227102576351,-0.0250355710422719,-0.0250355710422719,0.0163077140348532,0.0163077140348532,0.0127397150228264,0.0221604806187728,0.0130653285131802,0.0130653285131802,0.0130653285131802,0.0130653285131802,0.0221419589662291,0.0221419589662291,0.0021780297765139,0.0021780297765139,-0.001912590112417,-0.001912590112417,-0.0260764800127702,-0.0260764800127702,-0.0270851896840613,-0.0270851896840613,-0.0268036676843331,-0.0268036676843331,0.0409880003025315,0.0409880003025315,-0.0066353366947881,-0.0066353366947881,-0.0032932061433118,-0.0032932061433118,0.0095522591763721,0.0095522591763721,0.014576287247308,0.014576287247308,0.0138869380310634,0.0138869380310634
2020-03-31,0.108848239847349,0.108848239847349,0.1234014465956746,0.1234014465956746,0.1126097962274987,0.1126097962274987,0.1220413419175327,0.1220413419175327,0.1201248718835923,0.1201248718835923,0.1102355072606317,0.1102355072606317,0.1114183502635706,0.1114183502635706,0.100282529428161,0.100282529428161,0.1183730377434923,0.1183730376393006,0.1387739228876251,0.1387739228876251,0.1238370096303334,0.1238370096303334,0.1197111745473215,0.1197111745473215,0.0933887001083722,0.0933887001083722,0.1263814357037115,0.1263814357037115,0.1211952082943199,0.1211952082943199,0.108848239847349,0.108848239847349,0.108848239847349,0.108848239847349,0.108848239847349,0.108848239847349,0.100282529428161,0.100282529428161,0.1217272920479898,0.1217272920479898,0.1259979727529956,0.1259979727529956,0.1220413419175327,0.1220413419175327,0.1168935896386143,0.1168935896386143,0.121845628095139,0.121845628095139,0.1253644975961625,0.1253644975961625,0.1175160745106986,0.1175160745106986,0.1247518735364625,0.1247518735364625,0.1100862713417911,0.1100862713417911,0.117320472237281,0.117320472237281,0.122398065643324,0.122398065643324,0.1171875194229817,0.1171875194229817,0.1351662650508644,0.1351662650508644,0.1362833320849698,0.1362833320849698,0.1220413419175327,0.1220413419175327,0.108848239847349,0.108848239847349,0.1247518735364625,0.1247518735364625,0.1058183381251991,0.1058183381251991,0.1228359118753688,0.1228359118753688,0.1049223575980932,0.1049223575980932,0.1261126694957098,0.1261126694957098,0.094803992870445,0.094803992870445,0.1061495992414863,0.1061495992414863,0.1149416119698975,0.1149416119698975,0.120609253461825,0.120609253461825,0.1325619768047457,0.1325619768047457,0.1401238388145068,0.1401238388145068,0.1247518735364625,0.1247518735364625,0.1175160745106986,0.1175160745106986,0.1100862713417911,0.1100862713417911,0.1228359118753688,0.1228359118753688,0.1236521448323743,0.1236521448323743,0.1236521448323743,0.1236521448323743,0.1236521448323743,0.1236521448323743,0.1253433393512038,0.1253433393512038,0.1209051825910289,0.1209051825910289,0.118325286561239,0.118325286561239,0.1101035550763903,0.1101035550763903,0.1092056389419123,0.1092056389419123,0.1092448075934464,0.1092448075934464,0.1236321632309513,0.1236321632309513,0.1100385991722428,0.1100385991722428,0.119280475421762,0.119280475421762,0.1195113722490649,0.1195113722490649,0.1236521448323743,0.1236521448323743,0.1236521448323743,0.1236521448323743
2020-04-29,0.0866791872336207,0.0866791872336207,0.0931724686186418,0.0931724686186418,0.0913610472534853,0.0913610472534853,0.0902180657639463,0.0902180657639463,0.0912155475843278,0.0912155475843278,0.0888450783615557,0.0888450783615557,0.0863436041351951,0.0863436041351951,0.0914178083711744,0.0914178083711744,0.0957078392231337,0.0957078392231337,0.0977182265739722,0.0977182265739722,0.0922742329624791,0.0922742329624791,0.0864859838584384,0.0864859838584384,0.0832118996367336,0.0832118996367336,0.1150499780676543,0.1150499780676543,0.0653653360320953,0.0653653360320953,0.0866791872336207,0.0866791872336207,0.0866791872336207,0.0866791872336207,0.0866791872336207,0.0866791872336207,0.0914178083711744,0.0914178083711744,0.0924680248956532,0.0924680248956532,0.0925967913863141,0.0925967913863141,0.0902180657639463,0.0902180657639463,0.0895246429116826,0.0895246429116826,0.0945782900650767,0.0945782900650767,0.0941486733684754,0.0941486733684754,0.093006733071215,0.093006733071215,0.0896309470582886,0.0896309470582886,0.0878588746099886,0.0878588746099886,0.093766778915081,0.093766778915081,0.0895911915605685,0.0895911915605685,0.0959517372453681,0.0959517372453681,0.0898146362490565,0.0898146362490565,0.057895432372232,0.057895432372232,0.0902180657639463,0.0902180657639463,0.0866791872336207,0.0866791872336207,0.0896309470582886,0.0896309470582886,0.0861540675674144,0.0861540675674144,0.0909953070345948,0.0909953070345948,0.0833039625717994,0.0833039625717994,0.090228704443871,0.090228704443871,0.0803696769377336,0.0803696769377336,0.0843957273796134,0.0843957273796134,0.0866916109649697,0.0866916109649697,0.0894367428646382,0.0894367428646382,0.0921214867557494,0.0921214867557494,0.0893239388449806,0.0893239388449806,0.0896309470582886,0.0896309470582886,0.093006733071215,0.093006733071215,0.0878588746099886,0.0878588746099886,0.0909953070345948,0.0909953070345948,0.0881167302240824,0.0881167302240824,0.0881167302240824,0.0881167302240824,0.0881167302240824,0.0881167302240824,0.0867058319587562,0.0867058319587562,0.0906075893295843,0.0906075893295843,0.0916561528859421,0.0916561528859421,0.0891725665519564,0.0891725665519564,0.0880730383470097,0.0880730383470097,0.0880673798855163,0.0880673798855163,0.0881167302240824,0.0881167302240824,0.0878588746099886,0.0878588746099886,0.0954336638213471,0.0954336638213471,0.0718860716208043,0.0718860716208043,0.0881167302240824,0.0881167302240824,0.0881167302240824,0.0881167302240824
2020-05-29,0.0242017889782631,0.0242017889782631,0.032805180873763,0.032805180873763,0.0340914318320437,0.0340914318320437,0.0343832321091161,0.0343832321091161,0.0332205565777446,0.0332205565777446,0.0316675342087666,0.0316675342087666,0.0262704006576096,0.0262704006576096,0.0284885375949764,0.0284885375949764,0.0235500851273536,0.0235500851273536,0.0103357265644581,0.0103357265644581,0.0175220338163842,0.0175220338163842,0.020587033389546,0.020587033389546,0.0216204403744498,0.0216204403744498,0.0366978720040782,0.0366978720040782,0.0115683102229202,0.0115683102229202,0.0242017889782631,0.0242017889782631,0.0242017889782631,0.0242017889782631,0.0242017889782631,0.0242017889782631,0.0284885375949764,0.0284885375949764,0.0059593157985569,0.0059593157985569,0.0251784648864392,0.0251784648864392,0.0343832321091161,0.0343832321091161,0.0341756998639111,0.0341756998639111,0.0090458064568004,0.0090458064568004,0.0276960203419589,0.0276960203419589,0.0342078879486217,0.0342078879486217,0.0289409194559745,0.0289409194559745,0.0281649377323089,0.0281649377323089,0.0279451888079408,0.0279451888079408,0.0265400773927466,0.0265400773927466,0.0433055797667912,0.0433055797667912,0.0264741546848902,0.0264741546848902,0.0179253089657212,0.0179253089657212,0.0343832321091161,0.0343832321091161,0.0242017889782631,0.0242017889782631,0.0289409194559745,0.0289409194559745,0.024774765437191,0.024774765437191,0.0305552635508595,0.0305552635508595,0.0265931383937105,0.0265931383937105,0.0303805398109224,0.0303805398109224,0.0292728165742797,0.0292728165742797,0.016600995412153,0.016600995412153,0.020972138710299,0.020972138710299,0.024642190095754,0.024642190095754,0.0259166989031182,0.0259166989031182,0.0273680698770733,0.0273680698770733,0.0289409194559745,0.0289409194559745,0.0342078879486217,0.0342078879486217,0.0281649377323089,0.0281649377323089,0.0305552635508595,0.0305552635508595,0.021762944552044,0.021762944552044,0.021762944552044,0.021762944552044,0.021762944552044,0.021762944552044,0.0168768651368967,0.0168768651368967,0.0234751398977312,0.0234751398977312,0.0239010358602932,0.0239010358602932,0.0272901003324907,0.0272901003324907,0.0279225240381723,0.0279225240381723,0.0278509245514875,0.0278509245514875,0.021762944552044,0.021762944552044,0.0281649377323089,0.0281649377323089,0.0291694260341023,0.0291694260341023,0.0325180533162497,0.0325180533162497,0.021762944552044,0.021762944552044,0.021762944552044,0.021762944552044
2020-06-30,0.0865534387630653,0.0865534387630653,0.0793797021909191,0.0793797021909191,0.069627592365498,0.069627592365498,0.0779742409233554,0.0779742409233554,0.0654354492375442,0.0654354492375442,0.0717515976768535,0.0717515976768535,0.1100979699791785,0.1100979699791785,0.0268374679689873,0.0268374679689873,0.1653302669525146,0.1653302669525146,0.0742475444008334,0.0742475444008334,0.0806381454871871,0.0806381454871871,0.0885097050678451,0.0885097050678451,0.0954508544108506,0.0954508544108506,0.1023572189165243,0.1023572189165243,0.0840273858286696,0.0840273858286696,0.0865534387630653,0.0865534387630653,0.0865534387630653,0.0865534387630653,0.0865534387630653,0.0865534387630653,0.0268374679689873,0.0268374679689873,0.0639757961446176,0.0639757961446176,0.0457936024284195,0.0457936024284195,0.0779742409233554,0.0779742409233554,0.0700383982886427,0.0700383982886427,0.0660188473866732,0.0660188473866732,0.0477011857870205,0.0477011857870205,0.0682092357530758,0.0682092357530758,0.0619143403920702,0.0619143403920702,0.0842675657538528,0.0842675657538528,0.0726912067586837,0.0726912067586837,0.0815788761583809,0.0815788761583809,0.0276700557509944,0.0276700557509944,0.0825163995563529,0.0825163995563529,0.0734084870506593,0.0734084870506593,0.0779742409233554,0.0779742409233554,0.0865534387630653,0.0865534387630653,0.0619143403920702,0.0619143403920702,0.0838230284906069,0.0838230284906069,0.0554029723386357,0.0554029723386357,0.0756846758069461,0.0756846758069461,0.0645090985038849,0.0645090985038849,0.0286355987642655,0.0286355987642655,0.0665022095335851,0.0665022095335851,0.0822335315173281,0.0822335315173281,0.0525015830420152,0.0525015830420152,0.0641607874620528,0.0641607874620528,0.0611418496955188,0.0611418496955188,0.0619143403920702,0.0619143403920702,0.0682092357530758,0.0682092357530758,0.0842675657538528,0.0842675657538528,0.0554029723386357,0.0554029723386357,0.0667848777819807,0.0667848777819807,0.0667848777819807,0.0667848777819807,0.0667848777819807,0.0667848777819807,0.0611095062396876,0.0611095062396876,0.0695795904876301,0.0695795904876301,0.072407446473092,0.072407446473092,0.0803860220795701,0.0803860220795701,0.0845701366024447,0.0845701366024447,0.0822170323151288,0.0822170323151288,0.0667848777819807,0.0667848777819807,0.0842675657538528,0.0842675657538528,0.0548556878762583,0.0548556878762583,0.0709542493430038,0.0709542493430038,0.0667848777819807,0.0667848777819807,0.0667848777819807,0.0667848777819807
2020-07-31,0.0207934402265253,0.0207934402265253,0.0233854539593997,0.0233854539593997,0.0388383728314792,0.0388383728314792,0.0273805709817429,0.0273805709817429,0.0213891929841657,0.0213891929841657,0.0419576757170116,0.0419576757170116,0.0111431969683954,0.0111431969683954,0.0108012239177696,0.0108012239177696,0.0294097463786602,0.0294097463786602,0.0486787644108526,0.0486787644108526,0.0347845943346168,0.0347845943346168,0.0234224572935748,0.0234224572935748,0.0245561392462342,0.0245561392462342,-0.0087128132140924,-0.0087128132140924,0.0207609116713527,0.0207609116713527,0.0207934402265253,0.0207934402265253,0.0207934402265253,0.0207934402265253,0.0207934402265253,0.0207934402265253,0.0108012239177696,0.0108012239177696,0.0224409930717953,0.0224409930717953,0.025735120195252,0.025735120195252,0.0273805709817429,0.0273805709817429,0.0405661212542246,0.0405661212542246,0.0272732149808361,0.0272732149808361,0.0244553150470941,0.0244553150470941,0.0326222968160587,0.0326222968160587,0.0291222326719537,0.0291222326719537,0.0167308057383889,0.0167308057383889,0.0226694714462965,0.0226694714462965,0.0245298439805911,0.0245298439805911,0.0150458726098788,0.0150458726098788,0.0262963072010454,0.0262963072010454,0.022400835094309,0.022400835094309,0.0273805709817429,0.0273805709817429,0.0207934402265253,0.0207934402265253,0.0291222326719537,0.0291222326719537,0.0226253779723986,0.0226253779723986,0.0290514590185763,0.0290514590185763,0.0201131786032571,0.0201131786032571,0.029216450360179,0.029216450360179,0.0310822105574028,0.0310822105574028,0.0163767453804665,0.0163767453804665,0.0173352470839032,0.0173352470839032,0.0197237050718958,0.0197237050718958,0.0218886287333872,0.0218886287333872,0.0331930653308986,0.0331930653308986,0.0291222326719537,0.0291222326719537,0.0326222968160587,0.0326222968160587,0.0167308057383889,0.0167308057383889,0.0290514590185763,0.0290514590185763,0.0280224706933499,0.0280224706933499,0.0280224706933499,0.0280224706933499,0.0280224706933499,0.0280224706933499,0.0216569711543453,0.0216569711543453,0.0337493259316798,0.0337493259316798,0.035488794406498,0.035488794406498,0.0123260758417579,0.0123260758417579,0.0156625350373435,0.0156625350373435,0.0142668852057816,0.0142668852057816,0.0280224706933499,0.0280224706933499,0.0167308057383889,0.0167308057383889,0.0159789619955264,0.0159789619955264,0.0171091461727049,0.0171091461727049,0.0280224706933499,0.0280224706933499,0.0280224706933499,0.0280224706933499
2020-08-31,-0.0078117226337886,-0.0078117226337886,-0.0100293067695366,-0.0100293067695366,-0.0188526386492684,-0.0188526386492684,-0.0083000260993829,-0.0083000260993829,-0.0023006927448284,-0.0023006927448284,-0.0187016904675818,-0.0187016904675818,0.0268282079528076,0.0268282079528076,-0.0136635525754179,-0.0136635525754179,-0.0062376139552971,-0.0062376139552971,0.0142407858206054,0.0142407858206054,0.0032727723188,0.0032727723188,-0.0083455965771109,-0.0083455965771109,0.0006338066862363,0.0006338066862363,0.013938140873878,0.013938140873878,0.0151300919225913,0.0151300919225913,-0.0078117226337886,-0.0078117226337886,-0.0078117226337886,-0.0078117226337886,-0.0078117226337886,-0.0078117226337886,-0.0136635525754179,-0.0136635525754179,-0.0141748567230194,-0.0141748567230194,-0.0056690251856714,-0.0056690251856714,-0.0083000260993829,-0.0083000260993829,-0.0113186386701273,-0.0113186386701273,-0.0170828431203473,-0.0170828431203473,-0.0088263466166081,-0.0088263466166081,-0.0072294100316082,-0.0072294100316082,-0.0118009366290804,-0.0118009366290804,0.0018261406646785,0.0018261406646785,-0.0081520339283664,-0.0081520339283664,-0.0010354823649514,-0.0010354823649514,-0.0054801694266355,-0.0054801694266355,-0.004369969077422,-0.004369969077422,0.0186314702333631,0.0186314702333631,-0.0083000260993829,-0.0083000260993829,-0.0078117226337886,-0.0078117226337886,-0.0118009366290804,-0.0118009366290804,-0.0064316775609416,-0.0064316775609416,-0.010994230661245,-0.010994230661245,-0.0081727019809337,-0.0081727019809337,-0.0120499862409322,-0.0120499862409322,0.0003503817705593,0.0003503817705593,-0.0073333076338579,-0.0073333076338579,-0.0024657621252486,-0.0024657621252486,-0.0107096635535327,-0.0107096635535327,-0.0010341338545241,-0.0010341338545241,-0.0055749559094038,-0.0055749559094038,-0.0118009366290804,-0.0118009366290804,-0.0072294100316082,-0.0072294100316082,0.0018261406646785,0.0018261406646785,-0.010994230661245,-0.010994230661245,-0.0061171007450064,-0.0061171007450064,-0.0061171007450064,-0.0061171007450064,-0.0061171007450064,-0.0061171007450064,-0.0073640199543719,-0.0073640199543719,-0.007286494511839,-0.007286494511839,-0.0085233514408183,-0.0085233514408183,-0.0218903704152255,-0.0218903704152255,0.0066499405753046,0.0066499405753046,0.0025369035639399,0.0025369035639399,-0.0061171007450064,-0.0061171007450064,0.0018261406646785,0.0018261406646785,0.005997581575725,0.005997581575725,-0.0076280532077821,-0.0076280532077821,-0.0061171007450064,-0.0061171007450064,-0.0061171007450064,-0.0061171007450064
2020-09-29,-0.0255595070648562,-0.0255595070648562,-0.0046848205060089,-0.0046848205060089,-0.0166777619660981,-0.0166777619660981,-0.0024972793926079,-0.0024972793926079,-0.0020841599780934,-0.0020841599780934,-0.01668754687413,-0.01668754687413,-0.0136991631263035,-0.0136991631263035,-0.0412905492513948,-0.0412905492513948,-0.0401146909594535,-0.0401146909594535,-0.0211884538813483,-0.0211884538813483,-0.0232530395187653,-0.0232530395187653,-0.02302032456604,-0.02302032456604,-0.0359386931013966,-0.0359386931013966,-0.0248366150384255,-0.0248366150384255,-0.0306131716884344,-0.0306131716884344,-0.0255595070648562,-0.0255595070648562,-0.0255595070648562,-0.0255595070648562,-0.0255595070648562,-0.0255595070648562,-0.0412905492513948,-0.0412905492513948,-0.006913281171026,-0.006913281171026,-0.0058804351357711,-0.0058804351357711,-0.0024972793926079,-0.0024972793926079,-0.0074230998807279,-0.0074230998807279,-0.0114851814131319,-0.0114851814131319,-0.0097796773904529,-0.0097796773904529,-0.009021561376318,-0.009021561376318,-0.0057868839686871,-0.0057868839686871,-0.022021229196386,-0.022021229196386,-0.0103970686978747,-0.0103970686978747,0.0003200167759035,0.0003200167759035,-0.0021920532626266,-0.0021920532626266,-0.0018176823855808,-0.0018176823855808,-0.0004844174093137,-0.0004844174093137,-0.0024972793926079,-0.0024972793926079,-0.0255595070648562,-0.0255595070648562,-0.0057868839686871,-0.0057868839686871,-0.026112852090263,-0.026112852090263,-0.0070717661299952,-0.0070717661299952,-0.0254765007510107,-0.0254765007510107,-0.0055324048270308,-0.0055324048270308,-0.0276424749999431,-0.0276424749999431,-0.0286434679553008,-0.0286434679553008,-0.0309824274134059,-0.0309824274134059,0.0007502827957037,0.0007502827957037,-0.0045981984536552,-0.0045981984536552,-0.0057886241858527,-0.0057886241858527,-0.0057868839686871,-0.0057868839686871,-0.009021561376318,-0.009021561376318,-0.022021229196386,-0.022021229196386,-0.0070717661299952,-0.0070717661299952,-0.0022962670249038,-0.0022962670249038,-0.0022962670249038,-0.0022962670249038,-0.0022962670249038,-0.0022962670249038,-0.0022881765785001,-0.0022881765785001,-0.0050487212082106,-0.0050487212082106,-0.0071107786578628,-0.0071107786578628,-0.0236025031322069,-0.0236025031322069,-0.0231238962452201,-0.0231238962452201,-0.023532699754026,-0.023532699754026,-0.0022962670249038,-0.0022962670249038,-0.022021229196386,-0.022021229196386,0.0020718874673956,0.0020718874673956,0.000376078988858,0.000376078988858,-0.0022962670249038,-0.0022962670249038,-0.0022962670249038,-0.0022962670249038
2020-10-30,0.0752839615207724,0.0752839615207724,0.0877584135340361,0.0877584135340361,0.0851433247482411,0.0851433247482411,0.0879166094102108,0.0879166094102108,0.0812686138865538,0.0812686138865538,0.0790358133520257,0.0790358133520257,0.0731573761728127,0.0731573761728127,0.0659292329029444,0.0659292329029444,0.1143564864993095,0.1143564864993095,0.0952336364471926,0.0952336364471926,0.0852960970412955,0.0852960970412955,0.0811977762420264,0.0811977762420264,0.0618635438186438,0.0618635438186438,0.0807151598526401,0.0807151598526401,0.0750320142884408,0.0750320142884408,0.0752839615207724,0.0752839615207724,0.0752839615207724,0.0752839615207724,0.0752839615207724,0.0752839615207724,0.0659292329029444,0.0659292329029444,0.087528668411766,0.087528668411766,0.0868229872918225,0.0868229872918225,0.0879166094102108,0.0879166094102108,0.0704211079865519,0.0704211079865519,0.0819441398875047,0.0819441398875047,0.0891583573959903,0.0891583573959903,0.0700776390399663,0.0700776390399663,0.0866172329200396,0.0866172329200396,0.0721757796784021,0.0721757796784021,0.0831093016440031,0.0831093016440031,0.0947521965589836,0.0947521965589836,0.0879146005874218,0.0879146005874218,0.088254292622704,0.088254292622704,0.0774860229428612,0.0774860229428612,0.0879166094102108,0.0879166094102108,0.0752839615207724,0.0752839615207724,0.0866172329200396,0.0866172329200396,0.0786718159441839,0.0786718159441839,0.0893176755362343,0.0893176755362343,0.0744590338258681,0.0744590338258681,0.0888635479607471,0.0888635479607471,0.0768628688558185,0.0768628688558185,0.0790244085496404,0.0790244085496404,0.0816605484682746,0.0816605484682746,0.0934298410531644,0.0934298410531644,0.0925417676076576,0.0925417676076576,0.0899027622120519,0.0899027622120519,0.0866172329200396,0.0866172329200396,0.0700776390399663,0.0700776390399663,0.0721757796784021,0.0721757796784021,0.0893176755362343,0.0893176755362343,0.0944623571787262,0.0944623571787262,0.0944623571787262,0.0944623571787262,0.0944623571787262,0.0944623571787262,0.0936889773004494,0.0936889773004494,0.0948624143695634,0.0948624143695634,0.0942218856632526,0.0942218856632526,0.0663622625794296,0.0663622625794296,0.0768485572226741,0.0768485572226741,0.0759925075648205,0.0759925075648205,0.0944623571787262,0.0944623571787262,0.0721757796784021,0.0721757796784021,0.0946295417958833,0.0946295417958833,0.0944798230303205,0.0944798230303205,0.0944623571787262,0.0944623571787262,0.0944623571787262,0.0944623571787262
2020-11-30,0.0794181780677027,0.0794181780677027,0.0417929895896125,0.0417929895896125,0.0885476450767994,0.0885476450767994,0.0439627414322217,0.0439627414322217,0.04444048982796,0.04444048982796,0.0840413662462636,0.0840413662462636,0.0377705056051006,0.0377705056051006,0.0673723124716348,0.0673723124716348,0.0685698289373785,0.0685698289373785,0.0734760961935644,0.0734760961935644,0.0764737491859765,0.0764737491859765,0.0459297411615791,0.0459297411615791,0.0549081153386169,0.0549081153386169,0.1951397225421564,0.1951397225421564,0.0414161746945715,0.0414161746945715,0.0794181780677027,0.0794181780677027,0.0794181780677027,0.0794181780677027,0.0794181780677027,0.0794181780677027,0.0673723124716348,0.0673723124716348,0.0692935953837202,0.0692935953837202,0.0574350371755787,0.0574350371755787,0.0439627414322217,0.0439627414322217,0.0506855546613228,0.0506855546613228,0.0575460181545096,0.0575460181545096,0.0516952173888561,0.0516952173888561,0.0466445392852414,0.0466445392852414,0.0571544382509945,0.0571544382509945,0.0380370381717433,0.0380370381717433,0.0621195186463884,0.0621195186463884,0.056944301432268,0.056944301432268,0.0284149378127665,0.0284149378127665,0.0432624439606591,0.0432624439606591,0.0339480425845213,0.0339480425845213,0.0439627414322217,0.0439627414322217,0.0794181780677027,0.0794181780677027,0.0571544382509945,0.0571544382509945,0.0630051325812758,0.0630051325812758,0.0440665715603187,0.0440665715603187,0.0619832050214803,0.0619832050214803,0.0411375477126048,0.0411375477126048,0.0841416289952957,0.0841416289952957,0.0823353638316884,0.0823353638316884,0.070169049442851,0.070169049442851,0.05921711524582,0.05921711524582,0.0519047711631612,0.0519047711631612,0.0350902586892215,0.0350902586892215,0.0571544382509945,0.0571544382509945,0.0466445392852414,0.0466445392852414,0.0380370381717433,0.0380370381717433,0.0440665715603187,0.0440665715603187,0.0727424723396463,0.0727424723396463,0.0727424723396463,0.0727424723396463,0.0727424723396463,0.0727424723396463,0.0785788447576884,0.0785788447576884,0.0798072952358509,0.0798072952358509,0.0867348967881441,0.0867348967881441,0.0431740596588658,0.0431740596588658,0.0394913302307378,0.0394913302307378,0.0475223813203345,0.0475223813203345,0.0727424723396463,0.0727424723396463,0.0380370381717433,0.0380370381717433,0.0421308320289709,0.0421308320289709,0.0750287919708767,0.0750287919708767,0.0727424723396463,0.0727424723396463,0.0727424723396463,0.0727424723396463
2020-12-30,0.0336365758995568,0.0336365758995568,0.0076547920725966,0.0076547920725966,0.0337051314787223,0.0337051314787223,0.0072211520250304,0.0072211520250304,0.0060583357719655,0.0060583357719655,0.0433026034830367,0.0433026034830367,0.0043729760785025,0.0043729760785025,0.0607485246513562,0.0607485246513562,0.0182853235582629,0.0182853235582629,0.0266781009465255,0.0266781009465255,0.030254708380312,0.030254708380312,0.0022359049687214,0.0022359049687214,0.0383470956739443,0.0383470956739443,0.0440647314518264,0.0440647314518264,0.0511253385856413,0.0511253385856413,0.0336365758995568,0.0336365758995568,0.0336365758995568,0.0336365758995568,0.0336365758995568,0.0336365758995568,0.0607485246513562,0.0607485246513562,-0.016068962129089,-0.016068962129089,-0.0040153954108484,-0.0040153954108484,0.0072211520250304,0.0072211520250304,0.0154672908122247,0.0154672908122247,-0.0174396386188824,-0.0174396386188824,-0.0042417552923708,-0.0042417552923708,0.0171298378050951,0.0171298378050951,0.00199955246516,0.00199955246516,-0.0038125932731648,-0.0038125932731648,0.0073993348219586,0.0073993348219586,0.0062849681356793,0.0062849681356793,0.0085253803024733,0.0085253803024733,-0.0014933444147348,-0.0014933444147348,0.0035125329889425,0.0035125329889425,0.0072211520250304,0.0072211520250304,0.0336365758995568,0.0336365758995568,0.00199955246516,0.00199955246516,0.0344962994169691,0.0344962994169691,0.0036445817964269,0.0036445817964269,0.0356704482401531,0.0356704482401531,0.0009626840692377,0.0009626840692377,0.0438861323808634,0.0438861323808634,0.0413544373065667,0.0413544373065667,0.0417549739470622,0.0417549739470622,0.0081526247224551,0.0081526247224551,0.0086957727766462,0.0086957727766462,-0.0024927234365736,-0.0024927234365736,0.00199955246516,0.00199955246516,0.0171298378050951,0.0171298378050951,-0.0038125932731648,-0.0038125932731648,0.0036445817964269,0.0036445817964269,0.0019180568523331,0.0019180568523331,0.0019180568523331,0.0019180568523331,0.0019180568523331,0.0019180568523331,-0.0081496070245425,-0.0081496070245425,0.0125959992405907,0.0125959992405907,0.0169823791099412,0.0169823791099412,-0.0141676910917193,-0.0141676910917193,0.0143621626008058,0.0143621626008058,0.0210809973020079,0.0210809973020079,0.0019180568523331,0.0019180568523331,-0.0038125932731648,-0.0038125932731648,0.002220074330298,0.002220074330298,-0.0043286923028629,-0.0043286923028629,0.0019180568523331,0.0019180568523331,0.0019180568523331,0.0019180568523331
2021-01-29,0.021256732278662,0.021256732278662,0.0367744851177658,0.0367744851177658,0.0233460346034257,0.0233460346034257,0.0330928852635305,0.0330928852635305,0.0344748814351329,0.0344748814351329,0.0228082522253387,0.0228082522253387,0.0561078496023285,0.0561078496023285,0.0189117749532722,0.0189117749532722,0.0010338417181829,0.0010338417181829,0.0315035733733557,0.0315035733733557,0.0265227325333254,0.0265227325333254,0.040451573714108,0.040451573714108,0.0292967147600905,0.0292967147600905,0.022782879648081,0.022782879648081,0.0362055369115708,0.0362055369115708,0.021256732278662,0.021256732278662,0.021256732278662,0.021256732278662,0.021256732278662,0.021256732278662,0.0189117749532722,0.0189117749532722,0.0249942722284362,0.0249942722284362,0.0298553817008534,0.0298553817008534,0.0330928852635305,0.0330928852635305,0.0333074234458456,0.0333074234458456,0.0289639084601817,0.0289639084601817,0.0333525889060367,0.0333525889060367,0.0347328685504121,0.0347328685504121,0.0319043918900941,0.0319043918900941,0.0551065216910393,0.0551065216910393,0.0367796902322233,0.0367796902322233,0.0385397567059425,0.0385397567059425,0.0156927149322386,0.0156927149322386,0.0540896103331216,0.0540896103331216,0.0312197562431713,0.0312197562431713,0.0330928852635305,0.0330928852635305,0.021256732278662,0.021256732278662,0.0319043918900941,0.0319043918900941,0.0201897047767093,0.0201897047767093,0.0341206656734116,0.0341206656734116,0.0224433231620651,0.0224433231620651,0.0305299079086365,0.0305299079086365,0.0251662517511119,0.0251662517511119,0.0198670894433338,0.0198670894433338,0.0247812297936538,0.0247812297936538,0.0368191806879766,0.0368191806879766,0.0282651981014933,0.0282651981014933,0.0584407943172125,0.0584407943172125,0.0319043918900941,0.0319043918900941,0.0347328685504121,0.0347328685504121,0.0551065216910393,0.0551065216910393,0.0341206656734116,0.0341206656734116,0.0380727674685056,0.0380727674685056,0.0380727674685056,0.0380727674685056,0.0380727674685056,0.0380727674685056,0.0377143661750919,0.0377143661750919,0.0386457373159317,0.0386457373159317,0.0374573995301578,0.0374573995301578,0.0559283552424147,0.0559283552424147,0.0470537127372268,0.0470537127372268,0.0406146920577211,0.0406146920577211,0.0380727674685056,0.0380727674685056,0.0551065216910393,0.0551065216910393,0.0411054004388055,0.0411054004388055,0.0288378375058461,0.0288378375058461,0.0380727674685056,0.0380727674685056,0.0380727674685056,0.0380727674685056
2021-02-26,0.0611275477666609,0.0611275477666609,0.0806067557525363,0.0806067557525363,0.0572367106884886,0.0572367106884886,0.0786865066636047,0.0786865066636047,0.0749039189625016,0.0749039189625016,0.0608034259011161,0.0608034259011161,0.1016518399493377,0.1016518399493377,0.0573469009882209,0.0573469009882209,0.0476645783737054,0.0476645783737054,0.0688445710271317,0.0688445710271317,0.0650145041579012,0.0650145041579012,0.0710036474345735,0.0710036474345735,0.0618133856510771,0.0618133856510771,0.0544071968439321,0.0544071968439321,0.0696987926347593,0.0696987926347593,0.0611275477666609,0.0611275477666609,0.0611275477666609,0.0611275477666609,0.0611275477666609,0.0611275477666609,0.0573469009882209,0.0573469009882209,0.0873917305489439,0.0873917305489439,0.0817501108269849,0.0817501108269849,0.0786865066636047,0.0786865066636047,0.0715371233625144,0.0715371233625144,0.0939352849103944,0.0939352849103944,0.0825985514577669,0.0825985514577669,0.0747117784788063,0.0747117784788063,0.081177477783212,0.081177477783212,0.1047469899167427,0.1047469899167427,0.0727291355467476,0.0727291355467476,0.0770890509798697,0.0770890509798697,0.078768034632308,0.078768034632308,0.0888031219556608,0.0888031219556608,0.0799373218233014,0.0799373218233014,0.0786865066636047,0.0786865066636047,0.0611275477666609,0.0611275477666609,0.081177477783212,0.081177477783212,0.060225756356165,0.060225756356165,0.0821471263025244,0.0821471263025244,0.0640564093224429,0.0640564093224429,0.0805442103421146,0.0805442103421146,0.0545430791685306,0.0545430791685306,0.0436844728106001,0.0436844728106001,0.0466033412294946,0.0466033412294946,0.0804465884550649,0.0804465884550649,0.0768089080660467,0.0768089080660467,0.0926351612050853,0.0926351612050853,0.081177477783212,0.081177477783212,0.0747117784788063,0.0747117784788063,0.1047469899167427,0.1047469899167427,0.0821471263025244,0.0821471263025244,0.0803944955900317,0.0803944955900317,0.0803944955900317,0.0803944955900317,0.0803944955900317,0.0803944955900317,0.0870073963679122,0.0870073963679122,0.072626110171904,0.072626110171904,0.0681634122385905,0.0681634122385905,0.1154511089283664,0.1154511089283664,0.0905226896264662,0.0905226896264662,0.0826302374681505,0.0826302374681505,0.0803944955900317,0.0803944955900317,0.1047469899167427,0.1047469899167427,0.0920331233039572,0.0920331233039572,0.0772141722727204,0.0772141722727204,0.0803944955900317,0.0803944955900317,0.0803944955900317,0.0803944955900317
2021-03-31,0.0168530203951646,0.0168530203951646,0.0311903417161235,0.0311903417161235,0.0167014932508943,0.0167014932508943,0.0292655371221475,0.0292655371221475,0.0312962185855234,0.0312962185855234,0.0132778088531429,0.0132778088531429,0.0343333190689069,0.0343333190689069,0.003696428705912,0.003696428705912,-0.0046062917345095,-0.0046062917345095,0.0068164908294847,0.0068164908294847,0.0121161905115821,0.0121161905115821,0.0148883182840868,0.0148883182840868,0.0300726553605233,0.0300726553605233,0.0425548245961283,0.0425548245961283,0.0256120241201471,0.0256120241201471,0.0168530203951646,0.0168530203951646,0.0168530203951646,0.0168530203951646,0.0168530203951646,0.0168530203951646,0.003696428705912,0.003696428705912,0.0097543709597361,0.0097543709597361,0.0307408250580623,0.0307408250580623,0.0292655371221475,0.0292655371221475,0.0230978782865147,0.0230978782865147,0.0146877653898557,0.0146877653898557,0.0349768199092592,0.0349768199092592,0.0247145197257236,0.0247145197257236,0.0249746488189149,0.0249746488189149,0.0333345171484617,0.0333345171484617,0.029918989913786,0.029918989913786,0.0259516811447162,0.0259516811447162,0.0271398868549202,0.0271398868549202,0.0293062843986974,0.0293062843986974,0.0265072473167841,0.0265072473167841,0.0292655371221475,0.0292655371221475,0.0168530203951646,0.0168530203951646,0.0249746488189149,0.0249746488189149,0.0147829321503681,0.0147829321503681,0.0243840654896911,0.0243840654896911,0.0174605881624524,0.0174605881624524,0.0254354011700411,0.0254354011700411,0.011109063407478,0.011109063407478,0.0103401593508782,0.0103401593508782,0.0101410608525449,0.0101410608525449,0.0218494944355894,0.0218494944355894,0.0249938263828111,0.0249938263828111,0.0224447223415727,0.0224447223415727,0.0249746488189149,0.0249746488189149,0.0247145197257236,0.0247145197257236,0.0333345171484617,0.0333345171484617,0.0243840654896911,0.0243840654896911,0.0218989518395345,0.0218989518395345,0.0218989518395345,0.0218989518395345,0.0218989518395345,0.0218989518395345,0.0180226647578553,0.0180226647578553,0.0188395163702923,0.0188395163702923,0.0155846305477475,0.0155846305477475,0.035203542436234,0.035203542436234,0.0278559545794808,0.0278559545794808,0.0241846654872753,0.0241846654872753,0.0218989518395345,0.0218989518395345,0.0333345171484617,0.0333345171484617,0.0132887431016962,0.0132887431016962,0.018461608130402,0.018461608130402,0.0218989518395345,0.0218989518395345,0.0218989518395345,0.0218989518395345
2021-04-30,0.0408361507805668,0.0408361507805668,0.0730145063474927,0.0730145063474927,0.0479613574151782,0.0479613574151782,0.0706191918061441,0.0706191918061441,0.0699451585116179,0.0699451585116179,0.0422944797255744,0.0422944797255744,0.0755296166429515,0.0755296166429515,0.0342733539748011,0.0342733539748011,0.0404234375059604,0.0404234375059604,0.0439485867122123,0.0439485867122123,0.0424706010208474,0.0424706010208474,0.0615415450694514,0.0615415450694514,0.050045668037374,0.050045668037374,0.043122473103116,0.043122473103116,0.0340216220075246,0.0340216220075246,0.0408361507805668,0.0408361507805668,0.0408361507805668,0.0408361507805668,0.0408361507805668,0.0408361507805668,0.0342733539748011,0.0342733539748011,0.0791658118371607,0.0791658118371607,0.0744380822209047,0.0744380822209047,0.0706191918061441,0.0706191918061441,0.0691787845728841,0.0691787845728841,0.0787181145379954,0.0787181145379954,0.0770709442466413,0.0770709442466413,0.0666072732881193,0.0666072732881193,0.0733809653997326,0.0733809653997326,0.0704873499667893,0.0704873499667893,0.0540618474815057,0.0540618474815057,0.0725895962397041,0.0725895962397041,0.0667063045610053,0.0667063045610053,0.075362537300559,0.075362537300559,0.0464400956185705,0.0464400956185705,0.0706191918061441,0.0706191918061441,0.0408361507805668,0.0408361507805668,0.0733809653997326,0.0733809653997326,0.0442652045357921,0.0442652045357921,0.0799141637503065,0.0799141637503065,0.0455729666618747,0.0455729666618747,0.0840214188924489,0.0840214188924489,0.0266721281895817,0.0266721281895817,0.0435305361941894,0.0435305361941894,0.0481170228708842,0.0481170228708842,0.0894947033084554,0.0894947033084554,0.0947964398901071,0.0947964398901071,0.0826420004446807,0.0826420004446807,0.0733809653997326,0.0733809653997326,0.0666072732881193,0.0666072732881193,0.0704873499667893,0.0704873499667893,0.0799141637503065,0.0799141637503065,0.0750763689399575,0.0750763689399575,0.0750763689399575,0.0750763689399575,0.0750763689399575,0.0750763689399575,0.0739744955539348,0.0739744955539348,0.0693110377700462,0.0693110377700462,0.0622858732179131,0.0622858732179131,0.0684139936158591,0.0684139936158591,0.0607122399181506,0.0607122399181506,0.0540966920342201,0.0540966920342201,0.0750763689399575,0.0750763689399575,0.0704873499667893,0.0704873499667893,0.0781412953794227,0.0781412953794227,0.0722823916519299,0.0722823916519299,0.0750763689399575,0.0750763689399575,0.0750763689399575,0.0750763689399575
2021-05-31,0.0043791267560947,0.0043791267560947,-0.005562394732408,-0.005562394732408,-0.0021729870538526,-0.0021729870538526,-0.0100966043368235,-0.0100966043368235,-0.0141981719900102,-0.0141981719900102,-0.0016643844289785,-0.0016643844289785,0.0043127944953596,0.0043127944953596,0.0025645971157133,0.0025645971157133,0.0272416759464116,0.0272416759464116,0.0564239663084533,0.0564239663084533,0.0304689553042689,0.0304689553042689,0.0216258544800293,0.0216258544800293,0.0020763432730953,0.0020763432730953,0.0034372196460023,0.0034372196460023,0.0072360597333036,0.0072360597333036,0.0113954327830222,0.0113954327830222,0.006968831455435,0.006968831455435,-0.0105541109312674,-0.0105541109312674,0.0025645971157133,0.0025645971157133,-0.0003511693784034,-0.0003511693784034,-0.0122842287318755,-0.0122842287318755,-0.0100966043368235,-0.0100966043368235,-0.0142839636631752,-0.0142839636631752,0.0017462975530482,0.0017462975530482,-0.007244691377511,-0.007244691377511,-0.0086656779790447,-0.0086656779790447,-0.0067901294943905,-0.0067901294943905,0.0163208408766169,0.0163208408766169,-0.0141407990609175,-0.0141407990609175,-0.0160559091056573,-0.0160559091056573,-0.0120618331396333,-0.0120618331396333,-0.0170290057061021,-0.0170290057061021,-0.008547908408054,-0.008547908408054,-0.0100966043368235,-0.0100966043368235,0.0043791267560947,0.0043791267560947,-0.0067901294943905,-0.0067901294943905,0.0008458535128141,0.0008458535128141,-0.008476999497225,-0.008476999497225,-0.0085734536541754,-0.0085734536541754,-0.0082055136686695,-0.0082055136686695,-0.0167022222727246,-0.0167022222727246,-0.0142802990779784,-0.0142802990779784,-0.0241490738576374,-0.0241490738576374,-0.016449182284661,-0.016449182284661,-0.0152078048266156,-0.0152078048266156,-0.0121305805716206,-0.0121305805716206,-0.0067901294943905,-0.0067901294943905,-0.0086656779790447,-0.0086656779790447,0.0163208408766169,0.0163208408766169,-0.008476999497225,-0.008476999497225,-0.0168449245889571,-0.0168449245889571,-0.0168449245889571,-0.0168449245889571,-0.0168449245889571,-0.0168449245889571,-0.0099519896919576,-0.0099519896919576,-0.0228182516661257,-0.0228182516661257,-0.0257843932228404,-0.0257843932228404,0.0226662052892366,0.0226662052892366,0.0035311520121046,0.0035311520121046,-0.0038612776059973,-0.0038612776059973,-0.025152119966918,-0.025152119966918,0.0083759864877794,0.0083759864877794,-0.0049580309244508,-0.0049580309244508,-0.0182607151420448,-0.0182607151420448,0.0239530382445233,0.0239530382445233,-0.0091839811663265,-0.0091839811663265
2021-06-30,0.0329560632875829,0.0393249626427369,0.022116768580766,0.0255613222565057,0.0356345067658811,0.0381980189812651,0.0232386961654166,0.0276329533890723,0.0235281849733388,0.0265440161362371,0.0390474745824895,0.0415651252662739,0.0251312276390033,0.0314002268634121,0.0359075860008071,0.0426550346735831,-0.0021076137758791,0.0038573690131306,-0.0026699488865128,-0.0101116585194619,0.0154258717285261,0.0149910196427082,0.0332285424837796,0.0395974418389336,0.0392779324332485,0.0451506313510275,0.0207515828209959,0.0271204821761499,0.0278259484459636,0.0341948478011176,-0.0049508705909729,-0.0089730014733511,-0.0039932233556241,-0.0058016074764345,0.0582683845900025,0.0646553503037582,0.0359075860008071,0.0426550346735831,0.0168860851624256,0.0174560515100474,0.0172775144118403,0.0171357990186686,0.0232386961654166,0.0276329533890723,0.0318595162878738,0.0422495592094645,0.0234171176193003,0.02447148359107,0.0157759039217063,0.0152166986666231,0.0297009602519363,0.0379824493956682,0.0257817341891901,0.0290397896043288,0.0340902081873565,0.0384521539834468,0.0365859810848515,0.0419208412060845,0.0332211186196547,0.0368181733875827,0.0250488334206635,0.0296417561687455,0.0234174147823228,0.0278116720059785,0.0214696671611422,0.0258639243847979,0.0232386961654166,0.0232386961654166,0.0329560632875829,0.0329560632875829,0.0257817341891901,0.0290397896043288,0.0351275014234828,0.0400425208989883,0.0237361288979065,0.0261943920851466,0.042265024730845,0.0507926208080691,0.0208336983299173,0.0234494236415195,0.0548574042817178,0.069153313010338,0.0591888325377672,0.0749367920395084,0.0488584984574462,0.0746727436172105,0.0348168491712314,0.0427790976197425,0.031764083455899,0.0565058490368735,0.0245082723879969,0.0269665355752369,0.0257817341891901,0.0257817341891901,0.0297009602519363,0.0297009602519363,0.0340902081873565,0.0340902081873565,0.0237361288979065,0.0237361288979065,0.0354615550418509,0.0378620946196882,0.0354615550418509,0.0354615550418509,0.0354615550418509,0.0354615550418509,0.0312102149403973,0.0312102149403973,0.0436322786138851,0.0436322786138851,0.0464691535640962,0.0464691535640962,0.0388509141129426,0.0388509141129426,0.0398898650327647,0.0398898650327647,0.0382933552436557,0.0382933552436557,0.0372600533037003,0.0372600533037003,0.0340646851954249,0.0340646851954249,0.0314272618681878,0.0314272618681878,0.0251318668694959,0.0251318668694959,0.0124608381820694,0.0124608381820694,0.0375623790862745,0.0375623790862745
2021-07-30,0.0286380385621487,0.0162275622242494,-0.0196677566835672,-0.0286536263873982,0.0315886250955682,0.0134964944603572,-0.0168335269931269,-0.0281196856736807,-0.0130773990215385,-0.0237707754607607,0.0312513692287643,0.0128664008765578,-0.0061992188207474,-0.0107597700492773,0.0284487136097485,0.0144566104318503,0.0101099417287852,0.0056097566145356,0.0162528908102984,0.0158913781509824,0.0225400173338987,0.01623703741284,0.0284851800657284,0.0160747037278292,0.0295821389044239,0.017452746124478,0.0211493004794264,0.0087388241415271,0.0264657139065618,0.0140552375686625,0.0282069019865105,0.0264850361132262,0.0294142815297447,0.0495280112345456,0.0004031043578829,-0.0138744307416054,0.0284487136097485,0.0144566104318503,-0.018233100216998,-0.0249458626505796,-0.0224700890506038,-0.0332488247112022,-0.0168335269931269,-0.0281196856736807,0.0091253820794613,-0.0201211455387029,-0.0104002115715303,-0.0186404484408157,-0.0184875101630862,-0.0289925236023614,0.0081804176006392,-0.0183941217327733,-0.0127138659768526,-0.0270282477118522,0.005258917314517,-0.0071054980929389,-0.0023159571910726,-0.0161781246366251,-0.0215323635491414,-0.0310579796715337,-0.0183593082667012,-0.0306872745938769,-0.0169128325382047,-0.0281989912187585,-0.0174453468060345,-0.0287315054865883,-0.0171864035569156,-0.0171864035569156,0.0310632660448325,0.0310632660448325,-0.0127138659768526,-0.0270282477118522,0.0316388542295721,0.0159019187550463,-0.0131826890086516,-0.0267000620170428,0.0319592423557441,0.0147402789785899,-0.0158014889429367,-0.029169492488288,0.0376494328009235,0.0109148657074726,0.0367666965887897,0.0100513451743586,0.040373559102285,0.0249628653368466,-0.0217726280663118,-0.0340870317083326,-0.0138509046666541,-0.0207560014905033,-0.0149141252210691,-0.0284314982294602,-0.01419803243292,-0.01419803243292,0.0045064190891576,0.0045064190891576,0.0019248148522925,0.0019248148522925,-0.0139123117767091,-0.0139123117767091,-0.018131078279061,-0.0323575283090304,-0.0190523232239464,-0.0190523232239464,-0.0190523232239464,-0.0190523232239464,-0.0309746953226497,-0.0309746953226497,0.0015248373759363,0.0015248373759363,0.0092307776812645,0.0092307776812645,0.0010024785619153,0.0010024785619153,0.0140567425559342,0.0140567425559342,0.0203915309958674,0.0203915309958674,-0.0184651853386312,-0.0184651853386312,0.0019066435643887,0.0019066435643887,-0.0172542910771173,-0.0172542910771173,-0.0163986116214804,-0.0163986116214804,-0.0205778426703167,-0.0205778426703167,-0.0196263471529953,-0.0196263471529953
2021-08-31,0.0464951896076972,0.0550030171926342,0.0316638848751684,0.0431569138077186,0.055877185248537,0.0681552818894445,0.036907657315778,0.0483887818269292,0.0316772613269262,0.0404552335298261,0.0523210415146424,0.0618522800425179,0.0285460003376308,0.0357189281723901,0.0424760884802369,0.0505986883945066,0.0428231571721464,0.0403560128202598,0.0718200929479213,0.0767653354508005,0.0593171630176319,0.065988019071648,0.0570194605430424,0.0634339210213581,0.0502340180424675,0.0587482838766116,0.0464772229678297,0.0549850505527666,0.0433064316262512,0.0518142592111882,0.0710284811556296,0.0712935909222549,0.0697368191744535,0.0718502422497293,0.0719664701182837,0.0903854304738555,0.0424760884802369,0.0505986883945066,0.0795878972125823,0.0868274524082672,0.0465752764530964,0.0544383307081089,0.036907657315778,0.0483887818269292,0.0503862181232502,0.0625791913634236,0.0795548353064331,0.087418563693873,0.0425227187769205,0.0509002773916578,0.0495919206643879,0.0630616081202077,0.0519102945697454,0.0606968844870781,0.054308275980925,0.0565773859730733,0.0387845755882531,0.050661764134079,0.0287204807438204,0.0457892092578115,0.038767236937198,0.0489814447875636,0.0325236184109556,0.0361794693188682,0.0299006665273124,0.0413817910384636,0.0405862137438336,0.0405862137438336,0.0552734193540728,0.0552734193540728,0.0519102945697454,0.0606968844870781,0.0421456846891476,0.050110064197095,0.0465871821239072,0.0562137938618496,0.0432115206099524,0.0535717669535,0.052784292972779,0.0612827251152158,0.0404992890521431,0.044230289065483,0.0383257710883473,0.0469625301142464,0.0408098785730358,0.0501470136007676,0.0456231003066498,0.0520454246777046,0.0561964312000524,0.060008551114824,0.0465648776471448,0.049233890233724,0.0540680039316597,0.0540680039316597,0.0543793740766341,0.0543793740766341,0.0573325794496393,0.0573325794496393,0.0485202567154387,0.0485202567154387,0.0446439775062075,0.0606076987522532,0.0478240334702529,0.0478240334702529,0.0478240334702529,0.0478240334702529,0.0538055150110447,0.0538055150110447,0.0499974513524299,0.0499974513524299,0.0564725999211128,0.0564725999211128,0.0745183943808953,0.0745183943808953,0.0607033170795412,0.0607033170795412,0.06226144798008,0.06226144798008,0.0468281652627337,0.0468281652627337,0.0579667401279057,0.0579667401279057,0.0450675846563357,0.0450675846563357,0.0475785631158434,0.0475785631158434,0.0564791934841438,0.0564791934841438,0.0446552107812585,0.0446552107812585
2021-09-30,0.0318864465278617,0.0169317406781282,-0.006029503600181,-0.015280835755391,0.0319754183403762,0.0167569636858864,0.0013593917561519,-0.009420107673732,-0.0074539531985961,-0.0152761160267242,0.0339762791588734,0.0219938176482331,-0.0368243835161839,-0.0368860942625948,0.0317406803391799,0.0164874505005234,0.0205948060942947,0.0095012790156661,-0.0080117553308678,-0.0090420614931779,0.01207020004009,0.0040575906554034,0.0756666930467287,0.0417447576935235,0.0256930373560663,0.0206428806745426,0.0581142445864068,0.0431595387366732,0.0565469396933444,0.0415922338436109,0.0200759684725424,-0.0095051275588208,-0.0029567442720552,-0.0264850662368109,0.0471078351432577,0.0578813724985748,0.0317406803391799,0.0164874505005234,0.0033983141363417,-0.007795418888462,0.0126898096496298,0.0049309633515499,0.0013593917561519,-0.009420107673732,0.0027927485023752,-0.0051391725978519,-0.005205731537107,-0.0174950396151247,0.0084420359859508,0.0014567593489885,-0.0027646716372798,-0.0108495199645194,0.0099690786795602,-0.0001184802445106,-0.0232285556742362,-0.02696648463957,0.019526959433061,0.0042568889653665,0.0035638841179945,-0.0037282937916332,0.0004988528627464,-0.0124183200457268,0.0507462034427167,0.007065349137134,0.0287632517507858,0.0179837523209018,0.0029166601252992,0.0029166601252992,0.0278676795671878,0.0278676795671878,0.0099690786795602,-0.0001184802445106,0.0325634674819031,0.0143248051603531,0.0117319627723258,0.0007404568553712,0.036566166623754,0.0208084695464449,0.0107067330084351,0.000434370655876,0.0175587408988232,0.0020151760208158,0.039370144268684,0.0174250367463748,0.0220917983976538,0.0091123158230597,0.0195766617762504,-0.0059535016547974,-0.003704564078892,-0.0109011423030332,0.0619271726015475,0.0159921748041719,0.0117423178060823,0.0117423178060823,-0.0024070282167752,-0.0024070282167752,-0.0213507351988767,-0.0213507351988767,0.0128690152732221,0.0128690152732221,0.0079966132694689,0.0014960107856436,0.0072168188203309,0.0072168188203309,0.0072168188203309,0.0072168188203309,0.0086949427569704,0.0086949427569704,0.0116489179551287,0.0116489179551287,0.0133844316785118,0.0133844316785118,-0.0279977192442214,-0.0279977192442214,0.00123161852464,0.00123161852464,0.0111905691521728,0.0111905691521728,0.0070858356811991,0.0070858356811991,-0.0181362713116901,-0.0181362713116901,0.0035467689530812,0.0035467689530812,0.0559078075190922,0.0559078075190922,0.0207868988558775,0.0207868988558775,0.0049765642768396,0.0049765642768396
2021-10-29,0.0091879651826113,0.028140552941758,-0.0069842352213666,0.0151960091329636,0.0091861607467125,0.0272875691723705,-0.0079898915575338,0.0131620212116305,-0.0046081759038358,0.0148292210055871,0.0068485675918515,0.0252880612907206,-0.0156678697601094,0.0103821434771066,0.0122421514508272,0.0301406016758707,0.0323545099802303,0.0459009194187819,-0.0267501578708676,-0.0291395680666998,-0.0085849425108525,-0.0003478109086061,0.0098501273805406,0.0346222333235407,-0.008465684975968,0.0095745735087672,0.0045369355087506,0.0293478705839748,-0.0015713981015156,0.017381189657631,0.0178530638939144,0.0344291488959957,0.0062977481636147,0.0385685702249601,0.0080924763766496,0.0087605135775871,0.0122421514508272,0.0301406016758707,-0.0166053273518187,0.0217787711341948,-0.0118682602658765,0.015920028961344,-0.0079898915575338,0.0131620212116305,-0.0213010423617857,0.0049151306858798,-0.0103017079099584,0.0232647751492109,-0.0110173162220151,0.016407255358983,-0.0213110939627716,0.007980825349938,-0.0120735260024359,0.0149621214715951,-0.0119120901400384,0.0146789261826105,-0.0027299398244237,0.011621095761332,-0.0175071891557668,-4.3385244727282986e-05,-0.007922702247913,0.0144274229404237,-0.0024959730995491,0.0253864619002567,-0.0093061031101778,0.0118458096589865,-0.0146728012082945,-0.0146728012082945,0.006476166495143,0.006476166495143,-0.0120735260024359,0.0149621214715951,0.0089776778231095,0.0268572898398423,-0.0103697840387638,0.0181403747862274,0.0063731782796935,0.0219196174557796,-0.0135779454098581,0.0142683592459692,0.0086118603631527,0.0172541334325111,-0.0004307897491466,0.0103607994798602,0.0012247899653482,0.0155049489871016,-0.0133573938291649,0.0187494273338877,-0.0121124705937214,0.0157856098038906,-0.0018436992119773,0.0313042211992395,-0.0184804388373522,-0.0184804388373522,-0.0259758277122739,-0.0259758277122739,-0.019863731186468,-0.019863731186468,-0.0157354274729349,-0.0157354274729349,-0.0219141123813205,0.0043745511636749,-0.021422107792421,-0.021422107792421,-0.021422107792421,-0.021422107792421,-0.0271982803917417,-0.0271982803917417,-0.0169529839281361,-0.0169529839281361,-0.0125952181112311,-0.0125952181112311,-0.0057233993816034,-0.0057233993816034,-0.0241569130344384,-0.0241569130344384,-0.0182451803368261,-0.0182451803368261,-0.0191667963355315,-0.0191667963355315,-0.0221043495341643,-0.0221043495341643,-0.0186913460023648,-0.0186913460023648,-0.0249036295715243,-0.0249036295715243,-0.024746538376668,-0.024746538376668,-0.0194903985031395,-0.0194903985031395
2021-11-30,-0.0387310287542299,-0.0595354854855388,-0.0296302556273902,-0.0517760586978389,-0.0364984022289371,-0.063452273422282,-0.0241406061888796,-0.0485597495591188,-0.0291728162159236,-0.056552957500727,-0.0448753880283362,-0.0720010441920319,-0.037035132627817,-0.0549069957425276,-0.0408725736071512,-0.0618527661289435,-0.01590998016451,-0.036715492196381,-0.0563241150174724,-0.0594940446937164,-0.0473162925136797,-0.059318942328666,-0.0340479231676627,-0.0468799076818672,-0.0333839528396793,-0.0608912154621434,-0.0607904788739412,-0.0651405250464912,-0.0009192299252373,-0.0298560217560459,-0.0317400088420243,-0.0065597218782788,-0.0158598644257778,-0.0134202555455722,-0.0068201375678059,-0.006820137536258,-0.0408725736071512,-0.0618527661289435,-0.0248685836879541,-0.0442349359570577,-0.0240399903907624,-0.0468360013406016,-0.0241406061888796,-0.0485597495591188,-0.0251533597657081,-0.0485066756866718,-0.0336333148793664,-0.0481763390811183,-0.0309209598666499,-0.0504124442033252,-0.0252523255193772,-0.0476040632380361,-0.0228061939551731,-0.0450541165886825,-0.0352901008052663,-0.0472925174650979,-0.0280640772243249,-0.0519830266868103,-0.0294871553010236,-0.0630971201377505,-0.0270485432146584,-0.0520267796796504,-0.0301367161672446,-0.0445627435689692,0.0002912670762642,-0.0260931236526881,-0.0427379338717958,-0.0427379338717958,-0.0557112672250966,-0.0557112672250966,-0.0228061939551731,-0.0450541165886825,-0.0407383023963398,-0.0593703782169244,-0.0219381013942882,-0.0446912774416604,-0.0425993845795756,-0.0617045140608134,-0.0193511565184216,-0.0421777019439508,-0.0468896883290186,-0.0717175418224194,-0.0331207697559435,-0.0586107488069247,-0.04768995827365,-0.0634971806187028,-0.020542304867428,-0.0437886943458892,-0.0251481679375316,-0.0465001646217542,-0.0236799065822843,-0.0419976059625189,-0.0424055899577198,-0.0424055899577198,-0.0396499972266411,-0.0396499972266411,-0.0442517598120847,-0.0442517598120847,-0.0421136343535481,-0.0421136343535481,-0.0310305702871485,-0.0614754025784642,-0.0588808180407308,-0.0588808180407308,-0.0588808180407308,-0.0588808180407308,-0.0589090121158909,-0.0589090121158909,-0.062058876985263,-0.062058876985263,-0.0632391854874452,-0.0632391854874452,-0.0447002524395168,-0.0447002524395168,-0.04589195181407,-0.04589195181407,-0.0494395228976209,-0.0494395228976209,-0.0624568606965441,-0.0624568606965441,-0.0242284434316802,-0.0242284434316802,-0.0590042494309843,-0.0590042494309843,-0.0602047420423016,-0.0602047420423016,-0.065575695723527,-0.065575695723527,-0.0563344377139653,-0.0563344377139653
2021-12-30,0.0731974628275404,0.0335921512743798,0.0810364937368958,0.0552128328152711,0.0719964553594031,0.0353812568720205,0.0767987927176946,0.0520098934951142,0.0722664137324056,0.0470589274116339,0.0708107392517632,0.0301111429183866,0.0857480504714676,0.061532507782977,0.0783143708104244,0.0376774291872645,0.0642130231219413,0.0292613013382138,0.0394278358369711,0.0310660425658584,0.0564714482650815,0.0325818879322287,0.0629737701212935,0.0242140421770915,0.0556930082630682,0.0164100748969689,0.0666525364121514,0.0202142602766089,0.0550083761159598,0.0164576949283359,0.0379193427411987,0.0356880564194895,0.0274128918446335,0.0349990759218588,0.0988137879395415,0.0797639204071797,0.0783143708104244,0.0376774291872645,0.0951177470774341,0.0617436841270419,0.0856315855472104,0.0624126587162888,0.0767987927176946,0.0520098934951142,0.0738223122789061,0.0470907651588233,0.0948716058124087,0.0618810838399061,0.0893349315397284,0.0657458924781877,0.0782553245497262,0.0501740424651956,0.0827492748765036,0.0579233536739088,0.0851850148396569,0.0624010708880121,0.0959588789033549,0.0588459788116961,0.0790467673097921,0.0587691901945868,0.0899205219596788,0.0645963603209691,0.0762141506300178,0.0525086415497919,0.0647887196459988,0.0349506694985458,0.0771640249408056,0.0771640249408056,0.0737036260529745,0.0737036260529745,0.0827492748765036,0.0579233536739088,0.0759297257719501,0.0359784911277083,0.0808995786660974,0.0557029920150703,0.0768612706437515,0.0370258154227846,0.0831110984240153,0.0585181951284401,0.0872409420366508,0.0452739552917008,0.0696987403781101,0.0409992738068657,0.0763624106231753,0.0396629381233511,0.0807776028451306,0.0700355911104641,0.0863100299584953,0.0593813893276217,0.0773824653042631,0.0532504780430732,0.0833407667473203,0.0833407667473203,0.0787504937844141,0.0787504937844141,0.0855509249626274,0.0855509249626274,0.0814899907196558,0.0814899907196558,0.0801999528279156,0.0605317140095278,0.0808047386361311,0.0808047386361311,0.0808047386361311,0.0808047386361311,0.0873460537399285,0.0873460537399285,0.0701637877104941,0.0701637877104941,0.0657410496289128,0.0657410496289128,0.0894714134659748,0.0894714134659748,0.0810478442346602,0.0810478442346602,0.078207957762649,0.078207957762649,0.081968538098264,0.081968538098264,0.0790847029991786,0.0790847029991786,0.0691955238871568,0.0691955238871568,0.0758566902465181,0.0758566902465181,0.0881097552753958,0.0881097552753958,0.0748371814920959,0.0748371814920959
2022-01-28,-0.0578122062796936,-0.078458050049171,-0.0538484545991438,-0.0653178716180482,-0.0665486581231276,-0.0832996681045833,-0.0531821342649387,-0.06581720016972,-0.0473399416249269,-0.0630570251726335,-0.0622488644732628,-0.0802803924850985,-0.0464740346929587,-0.0636646194255767,-0.0575423219726822,-0.0822734815132139,-0.0712433007796247,-0.0886416257982389,-0.0976673077255178,-0.0951902506387451,-0.0775305155560476,-0.0862532676210497,-0.061250332448276,-0.0818961762177534,-0.0610919789755309,-0.0817330062667226,-0.0818495755755909,-0.0643557851051711,-0.0571576500162937,-0.0762559692323578,-0.0553190077279432,-0.083164567917977,-0.058436056390876,-0.0952193886449894,-0.0414874549128986,-0.0386987702971933,-0.0575423219726822,-0.0822734815132139,-0.0539386816264474,-0.0777253261119924,-0.0506906784636047,-0.0664006392997291,-0.0531821342649387,-0.06581720016972,-0.0603746491523953,-0.0746228552649432,-0.0625120117804022,-0.0807857187035603,-0.053901112752567,-0.0668897484599007,-0.058256671826777,-0.073033018041613,-0.0551396938449675,-0.0731772055052871,-0.0570225583384313,-0.0746764699805319,-0.0608925883856948,-0.0644857747461008,-0.0431143248192332,-0.0582329178305509,-0.0599356243254832,-0.0728510291357507,-0.0567652567518322,-0.0694003226566135,-0.0604092650290532,-0.0711759266597031,-0.053693108374816,-0.053693108374816,-0.058879763680604,-0.058879763680604,-0.0551396938449675,-0.0731772055052871,-0.0606379804520859,-0.0818000198324892,-0.0560774584370113,-0.0731604270941163,-0.0575983446806275,-0.0787855805812279,-0.0556089353022777,-0.0728741851703818,-0.0536955927171951,-0.0857441659641863,-0.0700752960593366,-0.0937006040829495,-0.0611671415555973,-0.0835901313801266,-0.0722934615534155,-0.0864287504740532,-0.0647704898372613,-0.0772459493307762,-0.0587061100894502,-0.0757890787465552,-0.0572354965813866,-0.0572354965813866,-0.0584791299372284,-0.0584791299372284,-0.054058268729029,-0.054058268729029,-0.0583274091059516,-0.0583274091059516,-0.0426175618948324,-0.0635524354553318,-0.0502860263658155,-0.0502860263658155,-0.0502860263658155,-0.0502860263658155,-0.0523952055726874,-0.0523952055726874,-0.0539631214834677,-0.0539631214834677,-0.0579862832144391,-0.0579862832144391,-0.0707062347132069,-0.0707062347132069,-0.0460367294715743,-0.0460367294715743,-0.0491934443339189,-0.0491934443339189,-0.0484008304886246,-0.0484008304886246,-0.0487168933054889,-0.0487168933054889,-0.0481302785010218,-0.0481302785010218,-0.0621988056977007,-0.0621988056977007,-0.0549992105642944,-0.0549992105642944,-0.0485919679130067,-0.0485919679130067
2022-02-28,0.0128172792329419,0.021815806293009,0.0240703557977641,0.0318759914894176,0.0033902658362155,0.0134991438442944,0.0235683134752755,0.0320898063856845,0.0269387138660611,0.0345521174426008,0.0069630171743781,0.0181160496140287,0.013235736793216,0.0181591967936989,0.0143352421836231,0.0247277812234917,0.0325010227870714,0.0470748195480399,0.0121060528673693,0.0194330648041915,0.0129503572506855,0.0210316845989728,0.0238072989569455,0.0328058278494293,0.0072591120016377,0.0175496419562617,0.0122191686064649,0.0196605166474276,0.0132246509902197,0.0216902815366111,0.0104034010968791,0.0190441815323664,0.0014960053367564,0.0086974351783401,0.0234659548288075,0.0037471339170673,0.0143352421836231,0.0247277812234917,0.0234695751430447,0.0347364378627348,0.0200575392148566,0.0293523397171865,0.0235683134752755,0.0320898063856845,0.0168239911433435,0.0249008043020618,0.0294873517449672,0.039403742662447,0.017997284036616,0.0264444464740673,0.0169345733417051,0.0246235073993994,0.0194791904032569,0.0292872050553286,0.0019165255034901,0.0089816314643169,0.0226779414109114,0.0371103562834232,0.0171509825155746,0.0194226681270944,0.0276491548327119,0.0377021752682886,0.0349969584382134,0.0435184526556019,0.0292435664576376,0.0358282643863765,0.0254343627625528,0.0254343627625528,0.0186810935138965,0.0186810935138965,0.0194791904032569,0.0292872050553286,0.0076279520071767,0.0169969410994243,0.0190030795804418,0.0291953701525892,0.0054838510712093,0.014006181362084,0.017352673034362,0.0275399624544961,0.032389147423675,0.0407529533360355,0.0067008692137611,0.0179429876131218,-0.0042452222887682,0.013282794559747,0.0128367157104664,0.0250028239133227,0.0046939494505822,0.0258122873860406,0.0353824979576885,0.0455747789039549,0.0231380421518599,0.0231380421518599,0.0207696076301332,0.0207696076301332,0.0047899281292298,0.0047899281292298,0.0224398058128389,0.0224398058128389,0.0122634248907708,0.0141741284439281,0.0102481351461585,0.0102481351461585,0.0102481351461585,0.0102481351461585,0.0057612168136198,0.0057612168136198,0.0071700088066891,0.0071700088066891,0.0048825928671857,0.0048825928671857,0.000726091148023,0.000726091148023,0.0093613651229837,0.0093613651229837,0.0133317496044829,0.0133317496044829,0.0157284956189606,0.0157284956189606,0.0115330450086507,0.0115330450086507,0.025105278543913,0.025105278543913,0.0026036945836781,0.0026036945836781,0.0159749796075489,0.0159749796075489,0.0061781676859653,0.0061781676859653
2022-03-31,-0.0268597658433607,-0.0355494752193505,-0.0283878533743134,-0.038298631834535,-0.0156291161590401,-0.0249279272124475,-0.0287002316753235,-0.0390514091915587,-0.0266298127038722,-0.035386987645869,-0.0116842970083916,-0.0228627711855271,-0.0226099635387819,-0.0319242090767415,-0.0245719145634608,-0.0350213495232344,-0.0325227846884998,-0.0499500148557126,-0.0058890512425347,-0.0027073778364654,-0.0162565918696688,-0.0190442626444356,-0.0326993356334798,-0.0413890453228438,-0.0255406334711331,-0.0341756194601116,-0.0308071033646386,-0.0118023496999163,-0.0248178218472259,-0.0173142173225311,0.0066972417258875,0.0084719883220957,0.0242210228759494,0.0087463987070708,0.0016546074290659,-0.0103430124357108,-0.0245719145634608,-0.0350213495232344,-0.0349323874028723,-0.0421494576802536,-0.0255071995479416,-0.038691764355405,-0.0287002316753235,-0.0390514091915587,-0.0214451151474606,-0.0288079984277516,-0.0369066455106325,-0.0434333775373602,-0.0229851837587929,-0.0362574592520067,-0.0225942160768085,-0.0294639800186562,-0.0280833043833202,-0.0374911443043293,-0.0209791006984809,-0.0260170881543806,-0.021980202650193,-0.0385355760808946,-0.0326627711152468,-0.032741967243206,-0.0251935584708314,-0.0380095509585079,-0.042581274603672,-0.0529324525150073,-0.028475690789991,-0.0170614511524001,-0.0406043815677762,-0.0406043815677762,-0.0386425539602623,-0.0386425539602623,-0.0280833043833202,-0.0374911443043293,-0.0278451877949344,-0.0367693268294179,-0.0285080029893898,-0.0390609577448966,-0.0243783411644071,-0.0323906121896253,-0.0306879633318354,-0.0402891322190721,-0.0165263014062829,-0.0302346410020763,-0.0162904114586117,-0.0258538804643984,-0.0340093405616149,-0.0317156656569687,-0.0203230274241713,-0.0307256555867214,-0.0416025263524906,-0.0382068761311355,-0.0464121229802919,-0.0569650995487485,-0.038720852533249,-0.038720852533249,-0.0308243258723636,-0.0308243258723636,-0.0266436064668116,-0.0266436064668116,-0.0401285314682205,-0.0401285314682205,-0.0359128223003969,-0.035855453342353,-0.0359477698766957,-0.0359477698766957,-0.0359477698766957,-0.0359477698766957,-0.0422165873871343,-0.0422165873871343,-0.0275143879921299,-0.0275143879921299,-0.0230643255964841,-0.0230643255964841,-0.0266882445028759,-0.0266882445028759,-0.0278885545803357,-0.0278885545803357,-0.0286693055323262,-0.0286693055323262,-0.0357692071204544,-0.0357692071204544,-0.0243725274311781,-0.0243725274311781,-0.019066883980593,-0.019066883980593,-0.0405836889152703,-0.0405836889152703,-0.030469671654857,-0.030469671654857,-0.0270824616963096,-0.0270824616963096
2022-04-29,-0.0048465729334074,-0.0069326309462055,0.0073623041509413,0.0065374597309275,0.0060198150726735,0.0009564481777601,0.0076091928622822,0.0068855424582834,0.0062715638589821,0.0057523058461742,0.0044373941886382,0.000977536945087,0.0101610677413846,0.0091745318007595,-0.0072578980608685,-0.0099769394136096,-0.0234201561534231,-0.0208284656391864,-0.0008127839004831,-0.0061048882183232,-0.0026427885839674,-0.0063426577607649,-0.0044429195601676,-0.0065289777302414,-0.0066633254768014,-0.0088188420103096,-0.0080084546450685,-0.0139736881973659,-0.0136739774244201,-0.0154408787113055,-0.020757812998775,-0.0111033127411268,-0.0253309901994569,-0.0111033127276052,0.0039244386723576,-0.0072771009608,-0.0072578980608685,-0.0099769394136096,0.0019394865839781,-0.0026396419368131,0.0066576499934598,0.0024072355533442,0.0076091928622822,0.0068855424582834,0.0120918134202312,0.0082293726655868,-0.0012386299055649,-0.007052028153533,0.0066734619984433,0.0012853274001946,0.0110674194965347,0.0080385246334287,0.0091428259672643,0.0053829086418606,0.0098039308036223,0.0059172781291653,0.0044604143192247,0.0074095634011823,0.0106722343652377,0.0085007640855415,0.0093171638333958,0.0069324103980428,0.0064347143243536,0.0057110639954432,-0.0018757947363562,-0.0016092835347576,0.0166631923968063,0.0166631923968063,0.0045720155201685,0.0045720155201685,0.0091428259672643,0.0053829086418606,-0.0044394378673101,-0.0069662893197259,0.0078135133017041,0.0041275015027808,-0.0017637374612524,-0.0040834433357322,0.0090865399214887,0.0051240279664475,0.0036129166073934,0.0015124394374021,0.0043511305028299,0.0026991522415867,0.0018916139386907,-0.0007256712271856,0.0131154464564325,0.0128747720076316,0.0121904825935265,0.0070815245819463,0.0056420210012167,0.0019560109046797,0.0167465101870084,0.0167465101870084,0.0159082575505351,0.0159082575505351,0.0142009500462961,0.0142009500462961,0.0157348682419098,0.0157348682419098,0.0141214335909204,0.0089735710703951,0.0185916281981786,0.0185916281981786,0.0185916281981786,0.0185916281981786,0.0183034743082461,0.0183034743082461,0.0186231769482876,0.0186231769482876,0.0181061348683912,0.0181061348683912,0.0163896279707076,0.0163896279707076,0.0121467918888436,0.0121467918888436,0.0110260754322907,0.0110260754322907,0.0140051816693729,0.0140051816693729,0.0101487662051076,0.0101487662051076,0.0189320373599454,0.0189320373599454,0.0113441704662401,0.0113441704662401,0.000895314860428,0.000895314860428,0.0106629071418244,0.0106629071418244
2022-05-31,-5.843632180163702e-05,-0.0095963193218611,-0.0316181905088735,-0.0441701313039546,-0.011290418911685,-0.0076380402042684,-0.0202479606763683,-0.0400825069783045,-0.0103509278952171,-0.035042590003141,-0.005325040171978,-0.0048253181117725,-0.0360525000463389,-0.0462071129144204,0.007940259073802,-0.0035439190675676,0.0038872689437946,-0.0026112245381773,-0.032008797200272,-0.0101471615776661,-0.0158435053076156,-0.0096851302530175,-0.0132292896335751,-0.0227671726336346,0.0111268908269441,-0.0003103830074307,-0.0138017706386247,-0.0119384969127956,0.0139576080014962,0.0150656558944726,0.0076148882271208,-0.0079981940066666,0.0330777292028071,-0.0192632210108102,-0.0038305521740071,-0.0225082473969921,0.007940259073802,-0.0035439190675676,-0.0342364575041887,-0.0500008293598102,-0.0379252474098164,-0.0562671578140351,-0.0202479606763683,-0.0400825069783045,-0.0092568754080939,-0.024312508758635,-0.0391128964952924,-0.051646676978984,-0.0482628983866405,-0.061867063166812,-0.0148336380606114,-0.0292733660615931,-0.0241960728170725,-0.0414038262565498,-0.0252807438539185,-0.0359051793019736,-0.0292336743174976,-0.0369988051393675,-0.0322562605555689,-0.0381244122680266,-0.0074528720166334,-0.0315084689315861,-0.0132060448691583,-0.0330405911710945,-0.0104080124316311,-0.0114713934232936,-0.0204637409759819,-0.0204637409759819,-0.0003568505144975,-0.0003568505144975,-0.0241960728170725,-0.0414038262565498,0.0032569398044474,-0.0070746508662852,-0.0222149419578295,-0.0390302677007809,0.0003068435049102,-0.0082251224770613,-0.0240087683431872,-0.0422011123694779,0.0062316478594026,-0.0015378648372531,-0.0041137444948775,-0.011649604000786,-0.003341264902868,-0.0127984950596267,-0.028960259771076,-0.0442885013507992,-0.0248450808683781,-0.0498950911162893,-0.0232269718091674,-0.0400422975521188,-0.0244404480357472,-0.0244404480357472,-0.0150228483237903,-0.0150228483237903,-0.0254220444804155,-0.0254220444804155,-0.0224797534022184,-0.0224797534022184,-0.0354284297845923,-0.0400839466087715,-0.0355608859355029,-0.0355608859355029,-0.0355608859355029,-0.0355608859355029,-0.0427539962177922,-0.0427539962177922,-0.0235552087396554,-0.0235552087396554,-0.0195655554881711,-0.0195655554881711,-0.0289328623246023,-0.0289328623246023,-0.0144216176316633,-0.0144216176316633,-0.0086832342008093,-0.0086832342008093,-0.0491402386642071,-0.0491402386642071,-0.0483878731532605,-0.0483878731532605,-0.021667577119412,-0.021667577119412,-0.0326444934056472,-0.0326444934056472,-0.0536470421948164,-0.0536470421948164,-0.0357848246333546,-0.0357848246333546
2022-06-30,-0.037545525029759,-0.0562293542059589,-0.0336130060219352,-0.0556060724192937,-0.046783945398708,-0.0664605742218633,-0.0284516615965016,-0.0538769919626584,-0.0276361329890908,-0.0497105563942868,-0.0450415840096627,-0.0585552252008582,-0.0337126655553319,-0.0539472914164655,-0.0376495514766069,-0.055642489362112,-0.0399409686774015,-0.0597285574824145,-0.0216920862402809,-0.0235235195110551,-0.0293884372378132,-0.0397153256617153,-0.0372238361832151,-0.055907665359415,-0.0200391558193155,-0.0386283348124856,-0.020976032972973,-0.0398054637642528,-0.0255303208919419,-0.0428177639548382,-0.0377739868265832,-0.0386450825364796,-0.0379083057105379,-0.0397768526132635,-0.0635676117041636,-0.0668090420751394,-0.0376495514766069,-0.055642489362112,-0.0212281687554037,-0.0463043086291644,-0.030157772434433,-0.05383261888792,-0.0284516615965016,-0.0538769919626584,-0.0415419516483244,-0.0669264161219088,-0.0260777038213026,-0.0478211798272921,-0.0352331609011158,-0.0556951481571646,-0.0383225850421154,-0.0610328530901224,-0.0296882062489833,-0.0536499405702289,-0.0350383946486494,-0.0528953190538091,-0.0342255642163296,-0.0611933111118684,-0.0329682820564358,-0.0554889292704718,-0.0397910956639368,-0.0678792370501788,-0.0304707960177534,-0.0558961263839101,-0.0121391078293033,-0.0358928140333862,-0.0284516615965016,-0.0284516615965016,-0.0375455250297591,-0.0375455250297591,-0.0296882062489833,-0.0536499405702289,-0.039166228970839,-0.0568120613539557,-0.0305093065254869,-0.0537184899247842,-0.0364724451334733,-0.0553613141796013,-0.028422311552555,-0.05256626403173,-0.054299510087541,-0.0679520010766985,-0.0457399481149627,-0.0629389045545512,-0.0362623337918967,-0.0645507046944237,-0.0365978289455194,-0.0647583881329993,-0.0300081362123641,-0.0667513564876696,-0.0323125140497445,-0.0555216974490418,-0.0296882062489833,-0.0296882062489833,-0.0383225850421154,-0.0383225850421154,-0.0350383946486494,-0.0350383946486494,-0.0305093065254869,-0.0305093065254869,-0.0326172348332119,-0.0533298349592636,-0.0326172343811967,-0.0326172343811967,-0.0326172343811967,-0.0326172343811967,-0.0280393799420647,-0.0280393799420647,-0.0378130661447113,-0.0378130661447113,-0.042009480097862,-0.042009480097862,-0.0342031759591577,-0.0342031759591577,-0.0374045680839349,-0.0374045680839349,-0.0406462218314173,-0.0406462218314173,-0.0350388878379862,-0.0350388878379862,-0.0345771654965811,-0.0345771654965811,-0.0230333793489001,-0.0230333793489001,-0.0180264577065615,-0.0180264577065615,-0.0509065745362911,-0.0509065745362911,-0.0571105449303032,-0.0571105449303032
2022-07-29,0.0556051482324762,0.0521387074818441,0.0521102116146999,0.0533446098275747,0.0359516843642187,0.0385296912483264,0.0571272764112397,0.0584268582189078,0.0610710821978889,0.0620760663611496,0.0408713623233373,0.0420614708723917,0.0561302469098739,0.0566334033173738,0.0483937464016914,0.0465088633651079,0.0742796154689978,0.071300572201005,0.0914827293240835,0.0896813391932859,0.0739174047598742,0.0712393865094103,0.05993435239986,0.0564679105356192,0.0351232940425069,0.030736531735095,0.0596012545174205,0.0541953227908019,0.0269649200020802,0.0220849330909562,0.0396745459349412,0.0431559931548641,0.0353490837979027,0.0426047469235305,0.0538945497201065,0.0612919585172174,0.0483937464016914,0.0465088633651079,0.0885228032453398,0.0909238312467418,0.0613321106862945,0.0635949122547816,0.0571272764112397,0.0584268582189078,0.0591472625645902,0.0600043195242323,0.0789039795360822,0.0836131996938038,0.0543374049280298,0.0573612636988485,0.0575410136427239,0.0580250970586319,0.0638526520978995,0.0663062042863794,0.0592295851997269,0.0626046645261392,0.0690987960651269,0.0725462270948035,0.0603206264361836,0.0605016255134173,0.0440759090991281,0.0447970404669283,0.074551022884516,0.0758506044100295,0.0241233717112651,0.0221942807730954,0.0567434708780491,0.0567434708780491,0.0489626989212529,0.0489626989212529,0.0638526520978995,0.0663062042863794,0.0527803073252073,0.0504889645142361,0.0646180133541633,0.0672345932903704,0.0547853484823897,0.0528027856851696,0.0658276503459218,0.06816240712784,0.0475076136575476,0.0428303060072432,0.0325299187196649,0.0369424634454775,0.0388019837791953,0.0389269132026254,0.0337142162425131,0.036215850038821,0.0440763893837058,0.0398384070524193,0.0811400739968539,0.083756653933061,0.0638255374860981,0.0638255374860981,0.0534925079706051,0.0534925079706051,0.058927055781367,0.058927055781367,0.0645401573500455,0.0645401573500455,0.0665920196144292,0.0681022214627602,0.0649481646573265,0.0649481646573265,0.0649481646573265,0.0649481646573265,0.0726187068956403,0.0726187068956403,0.0570598340785521,0.0570598340785521,0.0536263690096801,0.0536263690096801,0.0566407187279458,0.0566407187279458,0.0580248547469601,0.0580248547469601,0.0537726731013959,0.0537726731013959,0.0648667026295445,0.0648667026295445,0.0590048019204774,0.0590048019204774,0.0533267692007352,0.0533267692007352,0.0489134810865267,0.0489134810865267,0.0637509507526223,0.0637509507526223,0.0619170075659143,0.0619170075659143
2022-08-31,-0.0094109380180424,-0.0223342398869775,-0.0085481729190602,-0.0221844607848909,-0.0091328210649981,-0.0269222572185415,-0.0085759627465362,-0.0235495654364586,-0.0062268288832954,-0.0203574593390917,-0.0088091852804441,-0.0243883416330696,-0.0119053292635126,-0.0219458666333988,0.002589351537484,-0.0163032100238427,0.0177211835421621,0.0168390350308348,-0.028019272720985,-0.0277413262190853,-0.0183989653310222,-0.0247459252347661,-0.0108583227429144,-0.0237816246118495,0.0457114520511871,0.0396492662061476,0.0049749654885695,-0.0082731831652955,0.047036535511333,0.0416075873141702,0.0118749733848753,0.0179898245841125,0.0138237983280584,0.0179898245841125,-0.0143927429845769,-0.0051494436947857,0.002589351537484,-0.0163032100238427,-0.014210695279241,-0.0279630919938514,-0.0176678861410371,-0.0340081458067461,-0.0085759627465362,-0.0235495654364586,-0.0130461378710648,-0.0294221004673368,-0.0122175400320994,-0.0256503702678891,-0.018007411695646,-0.032312652525299,-0.0125204417280074,-0.028349014241529,-0.0128892694971266,-0.0287527507633108,-0.0189815213680777,-0.0306342455968246,0.0025850602843925,-0.0126330872766537,-0.0208311770527105,-0.031252714010031,-0.0051939746050563,-0.0273380508353805,-0.0032111753526747,-0.0181847780795798,0.0558685698661359,0.0551085087278597,-0.0085857386462384,-0.0085857386462384,-0.0092953789010065,-0.0092953789010065,-0.0128892694971266,-0.0287527507633108,-0.007737034115646,-0.022546485272615,-0.012407805540118,-0.0284838370780764,-0.0076037654718067,-0.0206580958874495,-0.0133095786065733,-0.0288840875255059,0.0125325127683329,-0.0130871762601139,-0.0128674232624167,-0.0333731015160284,-0.0141002103303213,-0.0240980355139411,-0.0181357241288594,-0.0368309976796579,-0.0147704377015783,-0.0262029806296899,-0.0065964390850919,-0.0226724706230504,-0.0128887726743496,-0.0128887726743496,-0.0125365758115054,-0.0125365758115054,-0.0189912097350512,-0.0189912097350512,-0.0124245912992447,-0.0124245912992447,-0.0211907120659988,-0.0333272779668898,-0.0212118488354247,-0.0212118488354247,-0.0212118488354247,-0.0212118488354247,-0.0185670959778138,-0.0185670959778138,-0.0229693394884795,-0.0229693394884795,-0.0218307366644368,-0.0218307366644368,-0.0245007381426232,-0.0245007381426232,-0.0159229563190153,-0.0159229563190153,-0.0137004943933502,-0.0137004943933502,-0.005895258711275,-0.005895258711275,-0.0074570577348898,-0.0074570577348898,-0.019131092536603,-0.019131092536603,-0.0095407781556457,-0.0095407781556457,-0.036618005275248,-0.036618005275248,-0.0264248330661559,-0.0264248330661559
2022-09-30,0.0052007302333486,-0.0104763877686944,0.0102017859353353,-0.0059852438528636,0.0220703850685322,0.0038012679751488,0.0122516014608494,-0.0053073910142942,0.0134973071879173,-0.0037689060807054,0.019612570383807,0.0035197334513998,0.0048433560819648,-0.0098534116522471,-0.00108711574119,-0.0085855054980511,0.0100560464323715,-0.0029773894324898,0.0061602280071696,-0.010743997864845,0.0058831617977099,-0.0103034327386714,0.0093305897816958,-0.0063465254643364,0.0185773144099974,0.0094643474687565,0.0069192992614153,-0.003535250961923,0.0139473186873899,0.0112907513133813,0.0333715834497865,0.0060779598646003,0.0337279509221584,-0.0069266804156046,-0.0221624359875318,0.0060316965942005,-0.00108711574119,-0.0085855054980511,-0.0007167993625929,-0.0155950364021619,0.0118124037234457,-0.0070987825485231,0.0122516014608494,-0.0053073910142942,0.0159510185115793,-0.0037383220950162,-0.0061870528476796,-0.0196716431176418,0.0090355422464289,-0.006975028552882,0.0141392583447611,-0.0045270103015952,0.0085631766328192,-0.0088714416846842,0.003840959798278,-0.0094439334091662,-0.0036272412656433,-0.0202655810330242,0.0058299036593363,0.0055244576281262,0.0019274423350951,-0.0078825067599184,0.0164712573150102,-0.0010877374759825,0.0216499754874344,0.0193939598512695,0.0122796591321239,0.0122796591321239,0.0054385972370903,0.0054385972370903,0.0085631766328192,-0.0088714416846842,0.0132877763091347,-0.0014124547969526,0.0078975763908278,-0.0095217298827085,0.0140191965994308,-0.0003426096089761,0.0074287105940174,-0.0093814694532967,-0.0052019772325148,-0.0207402982209381,0.0157887716501298,-0.0038483691602201,0.0274593973002755,0.0103274769882047,0.0115257676306987,-0.006943060607129,0.0201192219888282,-0.0008526185956959,0.0145281221437658,-0.0028911841297705,0.0085221265115108,0.0085221265115108,0.016074419572623,0.016074419572623,0.0044327960519039,0.0044327960519039,0.0073114858706079,0.0073114858706079,0.0019026658287146,0.0023061902213872,0.0068810008620156,0.0068810008620156,0.0068810008620156,0.0068810008620156,0.0037921051692299,0.0037921051692299,0.0133499100211488,0.0133499100211488,0.0194828414818124,0.0194828414818124,0.004705490967012,0.004705490967012,0.007585800347088,0.007585800347088,0.0112883292492089,0.0112883292492089,0.0035690954001893,0.0035690954001893,0.0034882113442387,0.0034882113442387,0.0067090304692194,0.0067090304692194,0.0100843712152277,0.0100843712152277,0.0031594020434239,0.0031594020434239,0.0080366816638182,0.0080366816638182
2022-10-31,0.011826652986692,0.0160251404905126,0.0019435839174447,0.007417411918273,-0.0007187122359374,-0.0023408817812455,0.0050668945153267,0.0114387653104876,0.0025070789741916,0.0111398481006374,-0.0054293788028585,-0.0034859386041141,0.0021865409237854,0.0119709480828918,0.0302218537189797,0.0284163008012976,-0.0140516998290494,-0.0203187987767159,-0.0879653282169821,-0.0978377520001876,-0.0371302763528854,-0.0399460927354594,0.0050307181097697,0.0136363411498079,0.01544480789223,0.0164355300256923,-0.0027909876206745,0.006201211868838,0.0141223941650375,0.0096687368708647,-0.0299769140175544,0.0211368493741332,-0.0286626006731977,0.0139026352765992,0.023662676862591,0.0163130877079879,0.0302218537189797,0.0284163008012976,0.0220018925438045,0.0242621940934709,0.0126913571718038,0.0165082587916497,0.0050668945153267,0.0114387653104876,0.0041935264177856,0.0071623717736268,0.0134562483226765,0.0164127314932905,0.0099661018112204,0.0141953184921941,0.0056766544562777,0.0083392564883594,0.0124549067465589,0.0159463924689776,0.0102475838961829,0.0176503674705488,-0.0153430185305787,0.0141095968092453,-0.0014362250235038,-0.0085139737517727,0.0206300551625843,0.0204760310825063,0.0042714843354622,0.0159049067704001,0.0128129717386685,0.0126793494179832,0.008767421812931,0.008767421812931,0.0153302690526286,0.0153302690526286,0.0124549067465589,0.0159463924689776,0.0136508417749384,0.0179782129754529,0.0130505355755261,0.0166630436835523,0.0158365198784616,0.0208162937469859,0.0148986541262421,0.0179429910424883,0.0197593369280363,0.0245103794184625,0.0046535750815765,0.0149229025544405,0.0145498663738039,0.0139378534716983,0.0007691548352124,0.0081283916301425,0.004960699356876,0.0036395780337916,0.0131329720774027,0.0221340218898487,0.0154171932108824,0.0154171932108824,0.0094405355636473,0.0094405355636473,0.0128007276513222,0.0128007276513222,0.0153074706059716,0.0153074706059716,0.0091223865212207,-0.0034086870371244,0.0100631881595549,0.0100631881595549,0.0100631881595549,0.0100631881595549,0.0114899151080962,0.0114899151080962,0.007470813719201,0.007470813719201,0.0042729195261657,0.0042729195261657,0.003924071657766,0.003924071657766,0.0157160927371086,0.0157160927371086,0.0156291188704167,0.0156291188704167,0.0197172830141386,0.0197172830141386,0.0245666568587811,0.0245666568587811,0.0251904522826601,0.0251904522826601,0.0095353409939452,0.0095353409939452,0.0100542637561005,0.0100542637561005,-0.0027769884655758,-0.0027769884655758
2022-11-30,-0.0192128084465695,-0.0157785613916628,-0.0320802728052823,-0.0297698316203842,-0.0338741195811771,-0.0311310660051354,-0.0327425673872645,-0.0316676507740345,-0.0268779509569708,-0.0213106861851983,-0.0276074815488771,-0.024064552948486,-0.0084451395491053,-0.008848089654485,-0.0079188279635025,-0.0107549457188134,0.027355704549742,0.0361776854411954,0.0100892971733033,0.0210146060406356,-0.0043847009743763,0.0027635163493202,-0.0131850353136008,-0.0092505055650659,-0.001777364984537,-0.0009560631850014,-0.0202847878994961,-0.0170546772586494,-0.0124202962584386,-0.0116303151145955,0.0120691140238154,-0.0083861289440122,0.0175738803713985,-0.0180662395535786,0.017735392037039,-0.0120610221461871,-0.0079188279635025,-0.0107549457188134,-0.0249401899435291,-0.0222710920938979,-0.0258647005186686,-0.0249221529737283,-0.0327425673872645,-0.0316676507740345,-0.0308389093995149,-0.0299271997161417,-0.0235010393414843,-0.0229785277623193,-0.0218123623744593,-0.0180848435374256,-0.0308000954089426,-0.0286419211718333,-0.0296969553873887,-0.0300725912463111,-0.0058759739331632,-0.0042603199070711,-0.0380451445151784,-0.0255067788879628,-0.0326820868246059,-0.0423104053412153,-0.022913951107324,-0.0279203827115458,-0.0300316464593635,-0.0283597753248954,-0.0304232188076374,-0.0293570871118977,-0.0490722994251089,-0.0490722994251089,-0.0337262178975324,-0.0337262178975324,-0.0296969553873887,-0.0300725912463111,-0.0153697697855001,-0.014931750883187,-0.0273216542395622,-0.0288476534695602,-0.0249830290458607,-0.0206175306566043,-0.029902946682246,-0.0284123106471723,0.0082969848154148,-0.0215090535316103,-0.0316445926699902,-0.0350858233213094,-0.0241006279015366,-0.0260521790038949,-0.0369064982880812,-0.0391354404905163,-0.0377895391878019,-0.0371525104544037,-0.022764457449148,-0.0235890188857731,-0.0479837395529349,-0.0479837395529349,-0.0492663579453754,-0.0492663579453754,-0.018045749863848,-0.018045749863848,-0.046903951273592,-0.046903951273592,-0.0260398858166746,-0.0393988381108969,-0.0470430337408878,-0.0470430337408878,-0.0470430337408878,-0.0470430337408878,-0.041271709093127,-0.041271709093127,-0.0513844216427587,-0.0513844216427587,-0.0523078385842702,-0.0523078385842702,-0.0034739836919065,-0.0034739836919065,-0.0296415522056634,-0.0296415522056634,-0.0330842021744574,-0.0330842021744574,-0.0506526501159972,-0.0506526501159972,-0.0202144013841533,-0.0202144013841533,-0.0333935924352347,-0.0333935924352347,-0.0330376031953989,-0.0330376031953989,-0.0286431819873687,-0.0286431819873687,-0.0383653597195417,-0.0383653597195417
2022-12-29,-0.0197169212684645,-0.029011097083561,-0.0166639723164795,-0.0178662605502479,-0.0068819173548857,-0.0147880382549865,-0.0166873309966441,-0.0182463354254311,-0.0316702948899322,-0.0336386787972988,-0.0155417577224734,-0.0250704065458032,-0.0207774646609374,-0.0249322393599342,-0.031551115887074,-0.0414570941332143,-0.0408095650831861,-0.0488210253874463,-0.0091070075280077,-0.0160583436961012,-0.0142283597640682,-0.0221965160421992,-0.0225661356945241,-0.0283927557857196,-0.0140423187785947,-0.0145178770301382,0.0434428188960031,0.0577292399831738,-0.0225985801488334,-0.0237463725428766,-0.0588083504540324,-0.0545903694150967,-0.0584232967647024,-0.0642609364791926,-0.0540224058630775,-0.043162732789902,-0.031551115887074,-0.0414570941332143,-0.0012616565792642,-0.0051708387049091,7.510263792224548e-05,-0.0015166999224226,-0.0166873309966441,-0.0182463354254311,-0.0096100299753774,-0.0129186199376665,-0.0070828978851602,-0.0116659891734621,-0.0011917373085517,-0.0025746130305179,-0.0146273725583203,-0.0173667777107308,-0.0058925421421349,-0.0106566377377658,-0.0158585880305004,-0.0246885424833952,-0.0237428369767031,-0.0247107315080566,-0.0022403365486004,0.0037989702952204,-0.0309445634308335,-0.0342933687451659,-0.0224036902200114,-0.0212760335540528,-0.0338944294074477,-0.0112964445116832,-0.010131269794553,-0.010131269794553,-0.0120596416831237,-0.0120596416831237,-0.0058925421421349,-0.0106566377377658,-0.0217927394172628,-0.0296593867601569,-0.0045404698387754,-0.0091002635526858,-0.0186634118264504,-0.0285598488820205,-0.0057271170263362,-0.0113870910859487,-0.0258797209483126,-0.0242882861024769,-0.0164929087510314,-0.014282784043094,-0.0155879294703475,-0.0182110456470767,0.0011999352546139,0.0074909713972185,0.0022135794421021,0.0037391693148518,-0.0068581128354696,-0.0084053252113935,-0.0005081599837238,-0.0005081599837238,-0.0052559344741854,-0.0052559344741854,-0.0117247522945836,-0.0117247522945836,0.0010202595781899,0.0010202595781899,0.0106408121180102,0.0116863407788858,0.017283749085876,0.017283749085876,0.017283749085876,0.017283749085876,0.0193431000341618,0.0193431000341618,0.0157012201559702,0.0157012201559702,0.0141074137902115,0.0141074137902115,-0.0123524252092792,-0.0123524252092792,-0.0126923405370799,-0.0126923405370799,-0.01225790553809,-0.01225790553809,0.0242912083027932,0.0242912083027932,-0.0091807590136638,-0.0091807590136638,0.0273120587007869,0.0273120587007869,-0.0116135661862853,-0.0116135661862853,0.008693797785576,0.008693797785576,0.0136901574941397,0.0136901574941397
2023-01-31,0.0060046949248757,0.0038669576764713,0.0207742208105267,0.020235953169801,0.0016358358668774,0.0009276412218236,0.0154032647198006,0.0176116533358298,0.0116961390940645,0.0105835265382194,-0.0016837987932861,-0.002483011322817,0.0179388332272074,0.0170590915144972,-0.003459099141728,-0.0031742134486718,0.0283347409591078,0.0252982773259282,0.0044664578342842,0.0142662260857361,0.0054916074723797,0.009238963056333,0.0131191199277101,0.0108534839394188,0.0088208933562521,0.0065269009045178,0.0101983343597257,0.0043608002918918,0.0114597818080201,0.008492783197978,-0.0130946481731644,-0.0149974838646412,-0.033730917729222,-0.0204209757844245,-0.0006809530262822,-0.0034366978452617,-0.003459099141728,-0.0031742134486718,0.0270486316118634,0.0180771364999198,0.017481848572394,0.018876717409347,0.0154032647198006,0.0176116533358298,0.0101975836873944,0.0124298549891722,0.0371564221231402,0.0283342433076116,0.0266855544404235,0.0242762158780813,0.0120236349872946,0.0133453657836973,0.0168818862589368,0.0169019025020453,0.0226510256432021,0.0202281400845112,0.0087169717616957,0.0103446081972864,0.0201031551483587,0.0227474155256513,0.0023045052313033,0.0089126285950684,0.0236851865494988,0.0258138491249669,0.0189259563861633,0.0191862486314112,0.0212711794276917,0.0212711794276917,0.0088793264469926,0.0088793264469926,0.0168818862589368,0.0169019025020453,0.0050267586194589,0.0042421667034413,0.0128743149423167,0.0150203090320751,0.0029857030286194,0.0041448151870156,0.017832216736831,0.0198384690126122,-0.0051980063738915,-0.0131235725618972,-0.0109934099115115,-0.001994940304776,0.0011437390799014,0.0002006906897157,-0.001896732613721,0.0117900241301327,0.0171576295768654,0.0209678666624876,0.0207832800967567,0.0228541431390431,0.0211188560609019,0.0211188560609019,0.0146919384257256,0.0146919384257256,0.0273805926685982,0.0273805926685982,0.0175187656021714,0.0175187656021714,0.0213015717183361,0.0227389698720804,0.0268816090326453,0.0268816090326453,0.0268816090326453,0.0268816090326453,0.0295994223601062,0.0295994223601062,0.0227929805691177,0.0227929805691177,0.0192223028721221,0.0192223028721221,0.035790598858563,0.035790598858563,0.0193967212520133,0.0193967212520133,0.0138440659348117,0.0138440659348117,0.0275247066387478,0.0275247066387478,0.0230965315779511,0.0230965315779511,0.0251689497611647,0.0251689497611647,0.0394307839478781,0.0394307839478781,0.0293541837466815,0.0293541837466815,0.0171784802838304,0.0171784802838304
2023-02-28,-0.0249832927682345,-0.0668539062025061,-0.0233243885954515,-0.036789610024713,-0.0388645397160262,-0.0759032399323541,-0.0267411890367141,-0.0382537602569909,-0.0252745617671673,-0.0435052532777261,-0.0394870034384071,-0.0780860974175796,-0.0111338558696088,-0.0407009919881807,-0.0323273744603599,-0.071143531740685,-0.0081587429717183,-0.0239265357889941,-0.0019325557247269,-0.0116021172163506,-0.0132416786808154,-0.0390232934991288,-0.0291423811947418,-0.0710129946290134,-0.0206041339590432,-0.0624747468075666,-0.033649846843287,-0.0403268470307068,-0.0275186098393271,-0.0691701152412019,-0.080161852750348,-0.029486301851254,-0.0310871724079014,-0.0358699012225399,-0.0544955776649409,-0.0211275179842993,-0.0323273744603599,-0.071143531740685,-0.0410824892524106,-0.0482208147141249,-0.0279933405141108,-0.0511301555611285,-0.0267411890367141,-0.0382537602569909,-0.0301864443644425,-0.0587594524141904,-0.0390510281386067,-0.0437905709459368,-0.0253465373035583,-0.0493715766635199,-0.0270620237959691,-0.0559430972699569,-0.029783550135165,-0.0469223036476053,-0.0157107684622941,-0.0539150026010916,-0.0336230401438067,-0.048359960952929,-0.034329814423529,-0.0354441459023779,-0.034179486648191,-0.0425137146609266,-0.0273744086132266,-0.0388869798335034,-0.0305123114395326,-0.0418054242213865,-0.0313739797274664,-0.0313739797274664,-0.0615613129049357,-0.0615613129049357,-0.029783550135165,-0.0469223036476053,-0.0258401798366313,-0.0661894061854059,-0.0291583029208929,-0.0471154619364736,-0.0297251237131217,-0.0661574626357857,-0.029030864545934,-0.0428592541459266,-0.041441132182461,-0.0837382734306205,-0.0306434193557794,-0.0738267805211589,-0.024576413197942,-0.0698665812239844,-0.0266025517139693,-0.0464573039971523,-0.0268828784374602,-0.0405045715062807,-0.0308378196573977,-0.0487949786729784,-0.0406607819243173,-0.0406607819243173,-0.0509585355872335,-0.0509585355872335,-0.0288836140830093,-0.0288836140830093,-0.0412234736363819,-0.0412234736363819,-0.0367065988421742,-0.0420908717347438,-0.0359450121790493,-0.0359450121790493,-0.0359450121790493,-0.0359450121790493,-0.0317707216059397,-0.0317707216059397,-0.0471089867790069,-0.0471089867790069,-0.0566056053576708,-0.0566056053576708,-0.0254036586247298,-0.0254036586247298,-0.0425830843593714,-0.0425830843593714,-0.0523872531410651,-0.0523872531410651,-0.0335571172307269,-0.0335571172307269,-0.0280662123909796,-0.0280662123909796,-0.0285895391636785,-0.0285895391636785,-0.0214160451082413,-0.0214160451082413,-0.0248340091798195,-0.0248340091798195,-0.0372596015255219,-0.0372596015255219
2023-03-31,0.0081961904854724,-0.0035127626052265,0.0104623486912861,-0.0008273706096844,0.0067897907822661,-0.0035940467265061,0.0089304940550886,-4.0762926133288725e-05,0.0156948690703661,0.0035744195579128,0.0102617860210422,-0.0017242910598096,0.0079477581815309,-0.0071275201517788,0.008859949104594,0.0015313503574196,0.0139861757145644,0.0106164900958538,-0.0209599490111929,-0.030400139296128,-0.0063107518773551,-0.0168360919826422,0.0052718440808538,-0.0064371090098451,0.0065590282172168,-0.0051499248645221,-0.0054671594987566,-0.0296731854387798,0.0080236995639945,-0.0035826952057459,0.0026132440883381,-0.0385341570781098,-0.0040297879211176,-0.0237105536322946,-0.0010869893680152,0.0061996072961948,0.008859949104594,0.0015313503574196,0.0171542585337465,0.0044546540892302,0.0134186475087164,0.002057265944152,0.0089304940550886,-4.0762926133288725e-05,0.00971379102907,0.0046862517405176,0.0124778340878536,-1.6240129539075044e-05,0.015693280104042,0.0043001518520536,0.0108047232552759,0.0049142646834823,0.011726870837043,0.0029754531300362,0.0066403631036748,-0.0070876833646092,0.0133335146575783,-0.0063558464956421,0.010089759484801,0.0037713886288537,0.008542754866186,0.0027423808485129,-0.0058596459747196,-0.0148309029559416,0.0118649058905125,0.0062938244612525,0.0080869156850195,0.0080869156850195,0.0076825411857477,0.0076825411857477,0.011726870837043,0.0029754531300362,0.0087072558585516,-0.0018160375519351,0.0078355657493868,2.346308955759706e-06,0.0064617255637737,-0.0049330598117891,0.0119154599171787,0.0038982767690695,0.0052694286019386,-0.0026416930512162,0.0039360514934544,-0.0139619866157103,0.0048051659797448,-0.0118189707481375,0.0125573349277606,0.0003104787993337,0.0122620976131132,-0.0005370361756787,-0.0033933384226033,-0.0112265578630343,0.0129072675911552,0.0129072675911552,0.0154670927808003,0.0154670927808003,0.0049661283449596,0.0049661283449596,0.0096118265313501,0.0096118265313501,0.0109985368423258,0.0051234757591805,0.0119424879772936,0.0119424879772936,0.0119424879772936,0.0119424879772936,0.0091426381983424,0.0091426381983424,0.0156344781520178,0.0156344781520178,0.0169034390981032,0.0169034390981032,0.001017315162875,0.001017315162875,0.0100296953558268,0.0100296953558268,0.0116108470496312,0.0116108470496312,0.0138526100498511,0.0138526100498511,0.0059355024791086,0.0059355024791086,-0.00170556936381,-0.00170556936381,0.0199489217196407,0.0199489217196407,0.0114025955632307,0.0114025955632307,0.0039640629308908,0.0039640629308908
2023-04-28,0.038337142891475,0.0516763202599216,0.050531833828136,0.0584224884223311,0.0405604196489928,0.0563295495868901,0.0430415441114304,0.0502786819980617,0.0438133831177574,0.0506482026225991,0.0341712228526575,0.0508604569587167,0.0615439207534366,0.0686418426415526,0.037773866047863,0.0474025792496773,-0.0036615888709577,0.0150283855538183,0.0344128744194282,0.0559214341677013,0.0366853814169306,0.0539752526603128,0.0459195923253864,0.059258769693833,0.0393964165972155,0.0527355939653451,0.0322056630708082,0.0032430867034526,0.0407772574752836,0.0540099970359757,0.045626160271005,-0.0046653652872917,0.0343077812097165,0.0075806587937373,0.0204123160287846,0.0077180610307835,0.037773866047863,0.0474025792496773,0.02923062089526,0.0346464144574456,0.0301953995451538,0.0369845360179188,0.0430415441114304,0.0502786819980617,0.0512289070394986,0.0566409019182321,0.0364586179388347,0.0430829462447154,0.0361415443828268,0.0439406158958412,0.0553216154429831,0.0614548799650319,0.0403032069833472,0.0477764649808333,0.0578883850371098,0.0659839395768955,0.0500342047870683,0.0590605385077044,0.0424891012155899,0.047492602643446,0.0448853125235616,0.0515357758287997,0.0464749301598317,0.053712068046463,0.0380990306822835,0.0426110144238388,0.0447086483226184,0.0447086483226184,0.0375477097970245,0.0375477097970245,0.0403032069833472,0.0477764649808333,0.0381341152585529,0.0510632365213582,0.0417735132844456,0.0478694253848077,0.0464794899084962,0.0585378664652277,0.0402246565952404,0.0467468925749928,0.0463776907332853,0.0511732947069125,0.0420723871177297,0.050154291937147,0.048462878123813,0.0627159542582301,0.0331672871365746,0.0440019879871831,0.0324413210557836,0.0414363441076254,0.0438856543622255,0.0499815664625876,0.0421595967708139,0.0421595967708139,0.0563572409154025,0.0563572409154025,0.0597012872913094,0.0597012872913094,0.0446239555997702,0.0446239555997702,0.0394728187386315,0.0461142600133464,0.0406203535110172,0.0406203535110172,0.0406203535110172,0.0406203535110172,0.0333402392924794,0.0333402392924794,0.0455905982026114,0.0455905982026114,0.0458462838759267,0.0458462838759267,0.0538207156626927,0.0538207156626927,0.0604123664843458,0.0604123664843458,0.0573099877278074,0.0573099877278074,0.0398059539986264,0.0398059539986264,0.0594034435172237,0.0594034435172237,0.0291975141937514,0.0291975141937514,0.037000242746018,0.037000242746018,0.0381613804354611,0.0381613804354611,0.044592576006071,0.044592576006071
2023-05-31,0.0077911002438354,0.0261757899099103,0.0050767781843227,0.0196511136448601,-0.0001701548420671,0.0171298014443703,0.0103884078041393,0.0243843475564245,0.0128998626773807,0.028280895782079,-0.0001669426113086,0.0186446145648363,-0.0013586742829811,0.0170549941707316,-2.68329139591246e-05,0.0181782194915491,0.037422287700435,0.0397562234191979,-0.008150612237004,-0.0164467690600189,1.8413009656428544e-05,0.0050618227732792,0.0076891794990081,0.0256985028435063,0.0103408280009752,0.028725515661459,0.0247320901721663,0.0159456816432252,0.0074547582766883,0.0258491238435339,-0.0446564003561897,-0.0250344590443991,-0.0371397010789593,-0.0394530729731318,-0.0071946059107477,0.0163135406187097,-2.68329139591246e-05,0.0181782194915491,-0.003855177640719,0.0147377904355171,0.0055321121921273,0.0203364320563325,0.0103884078041393,0.0243843475564245,0.0040842417107136,0.0169779023624011,-0.0151529969112582,0.0028332942631271,-0.0015874775386538,0.0127703559337946,0.0021014784199183,0.0162399680407162,0.0069855173972796,0.0230603800603417,-0.0031773135678798,0.0139725792354243,0.0164322124028679,0.0306642714973739,0.0020192545621369,0.0141212453255798,-0.0040348069532295,0.0106640218705019,0.0115263563791234,0.0242858293249572,0.0191990291201938,0.0333361367721247,0.0120805528555218,0.0120805528555218,-0.0022513706549342,-0.0022513706549342,0.0069855173972796,0.0230603800603417,-0.0070706020465935,0.0121158629102881,0.0040801999103754,0.0203139995925579,-0.0120700962717315,0.0089448752239291,0.0008605476126108,0.0162971362865743,0.0061124529130925,0.0179734682231433,-0.0045548445782193,0.0219544941743528,-0.0083410573553197,0.023289159763776,0.0094174491836542,0.0180600177679716,0.0086201205912031,0.0143093410625627,0.0055977634230042,0.0216393539444126,0.007690609467308,0.007690609467308,-0.0020392018845298,-0.0020392018845298,-0.0024175676957006,-0.0024175676957006,0.0057306107130195,0.0057306107130195,-0.0023570451757045,0.0107909280037454,-0.0041729891189785,-0.0041729891189785,-0.0041729891189785,-0.0041729891189785,-0.0084444615881317,-0.0084444615881317,-0.00230282281172,-0.00230282281172,-0.0021203431708132,-0.0021203431708132,-0.0101579961138078,-0.0101579961138078,5.779011187253538e-05,5.779011187253538e-05,-0.0022656362358984,-0.0022656362358984,-0.0009813602872726,-0.0009813602872726,0.0006967243646813,0.0006967243646813,-0.0102582552751423,-0.0102582552751423,0.0017765614323898,0.0017765614323898,-0.0010749230333598,-0.0010749230333598,0.0011131230774503,0.0011131230774503
2023-06-30,0.0333372633599641,0.0213249621383944,0.0220725310006685,0.0265146028828662,0.0275725842243972,0.016471912593279,0.018460214743301,0.0202322859395305,0.0225428800496936,0.0239774885415789,0.0253012135028966,0.0119826856138056,0.0459643569575785,0.0460574267578111,0.0365127140081342,0.0275934382735093,0.0065804250201368,-0.0028303689003086,-0.0161969575230962,0.006678491246786,0.0087128292357638,0.0141563752137404,0.028872750948012,0.0176754296329529,0.0296837234506394,0.0187597886173253,0.0173341687332991,-0.0736276066152322,0.0317151153816726,0.0203264075463219,-0.0100350944335363,-0.0277463551214626,-0.0354381099369712,-0.0404128983841412,0.0046826749547886,0.0053240040790883,0.0365127140081342,0.0275934382735093,0.0247624633825881,0.0187593769139933,0.0265253454381491,0.0297683529005267,0.018460214743301,0.0202322859395305,0.0227425405538497,0.0175165835613161,0.0300090537844433,0.0240626461581561,0.0244238042598242,0.0348906506577806,0.0259383252686809,0.0232861422007093,0.0244327185780619,0.0231020864008098,0.0451745635713982,0.0445493476634675,0.0138761125986263,0.0091118325803381,0.0070311550143604,0.0030203776683494,0.0259352776273364,0.0283668979329565,0.0120874604705517,0.0187884708920077,0.0158677295672133,0.0173865713071763,0.0134318479505845,0.0134318479505845,0.0124921653864443,0.0124921653864443,0.0244327185780619,0.0231020864008098,0.0348855344290926,0.0228675379562443,0.0267954204256147,0.0233920316489266,0.0373953128532439,0.0274857939681172,0.0225508654236516,0.0230887160692627,0.0344318389573117,0.024436035379466,0.0269454406823764,0.0284189901863786,0.0259988578859293,0.0266956667573571,0.0181670311854151,0.020672407283009,0.0228688631715869,0.0154976769762444,0.0212399227013538,0.0240764842998003,0.0177749452920399,0.0177749452920399,0.0168833419403073,0.0168833419403073,0.04039180373432,0.04039180373432,0.0178555190068963,0.0178555190068963,0.0109695700799769,0.0052428354749608,0.0060499103694133,0.0060499103694133,0.0060499103694133,0.0060499103694133,0.0056303091380714,0.0056303091380714,0.0066550856116826,0.0066550856116826,0.0049831194245673,0.0049831194245673,0.0281290816686315,0.0281290816686315,0.0376729229463568,0.0376729229463568,0.0324673138386937,0.0324673138386937,0.0044333178063817,0.0044333178063817,0.0396955513805136,0.0396955513805136,-0.0095366559288456,-0.0095366559288456,-0.0023529631733577,-0.0023529631733577,-0.0003616147465463,-0.0003616147465463,0.0028592336706837,0.0028592336706837
2023-07-31,0.0244638488803318,-0.0060005619089211,0.0046077666456789,-0.0400908508290738,0.02006697015772,-0.0046494161505263,0.0049317311698782,-0.0378975886065016,0.0065474124252545,-0.0343450059360484,0.01979236914319,-0.0020065756283277,0.002069374862017,-0.049882434869082,0.0319644624785815,0.0008815855976216,-0.004793174462821,-0.0443074573628719,0.005216734702997,-0.0245675109904575,0.0152196943998903,-0.0148545552002516,0.0548768807723268,0.0180274390033371,0.023838237469195,-0.0030782055102013,0.0140631334994861,-0.0464283457827342,0.0299872588119625,-0.0004797760118413,0.0430402940406423,-0.0060512346690194,0.0672361609142534,-0.0007967345437067,0.0335518174279441,0.0388605854619338,0.0319644624785815,0.0008815855976216,0.021258281432306,-0.0313368271542417,0.0112721828328631,-0.039047822602225,0.0049317311698782,-0.0378975886065016,0.0115134776854984,-0.0201879605619688,0.011807527818372,-0.0394425888648944,0.005757880780779,-0.0445212279977248,0.0113396969670699,-0.023582367296307,0.0148809153020918,-0.0335282923256038,-0.004605192480931,-0.0643664017497527,-0.0182563711669241,-0.0463485490766521,0.0068850860845914,-0.0313828786255256,0.0038759592748602,-0.0377508449662473,0.0283238182192465,-0.0150816896758734,0.0180355019985446,-0.024781159322213,-0.040503391132686,-0.040503391132686,-0.013007715287232,-0.013007715287232,0.0148809153020918,-0.0335282923256038,0.024934003669921,-0.0034522826716341,0.0244702341639035,-0.0251149601087064,0.0295580542903037,0.0027028827971849,0.0166596331401174,-0.0333150741808096,0.028952410290203,0.0008963859289209,0.026604138871747,-0.0004514391604187,0.000552525990303,-0.0081386810203686,0.0038011614640774,-0.0442750212922477,-0.0016952901523425,-0.0474486857525008,0.0450790242006854,-0.0033331382265921,-0.0336279681983734,-0.0336279681983734,-0.0238915721923501,-0.0238915721923501,-0.0541455506392637,-0.0541455506392637,-0.02483346412776,-0.02483346412776,0.0230924147289474,-0.0211574099138687,-0.0169185640835292,-0.0169185640835292,-0.0169185640835292,-0.0169185640835292,-0.0108583167228288,-0.0108583167228288,-0.0155528734077996,-0.0155528734077996,-0.0101528060493528,-0.0101528060493528,-0.0616715780047851,-0.0616715780047851,-0.0413874322028357,-0.0413874322028357,-0.0322383997177003,-0.0322383997177003,-0.0173010460701262,-0.0173010460701262,-0.052861881094193,-0.052861881094193,-0.0224454438155649,-0.0224454438155649,-0.030931010885242,-0.030931010885242,-0.025178532916135,-0.025178532916135,-0.0071867338377254,-0.0071867338377254
2023-08-31,0.0232143763339017,0.0231775292790157,0.0378904569829383,0.0361214091512416,0.034222017495765,0.0326116940617911,0.0357284440676752,0.0329472917915181,0.0348858678873141,0.0325268750075611,0.0318890597616051,0.0292404852727443,0.0416466082671979,0.0440260699641995,0.0235136576453968,0.0228460657731297,0.0109861594997346,0.0218414563698142,0.0136747363412558,0.0100786701641314,0.0187163715027131,0.01710730042536,0.0258443053693888,0.0209329068432796,0.0245449929494243,0.0221224910823882,0.032149649274885,0.0418278813138547,0.0340173812095149,0.0339805343567076,-0.0007713377437232,0.0209698169539156,0.0039275367647937,0.0272952992804851,0.0101422800751445,0.0374034917083654,0.0235136576453968,0.0228460657731297,0.0326202323319436,0.0296989879295105,0.024816926809034,0.0244764381622169,0.0357284440676752,0.0329472917915181,0.0345608215980411,0.0289649654007548,0.0347179573148083,0.0339311838852571,0.0250247974886906,0.0258725642420276,0.0359104004021184,0.0318061263594425,0.0294772570912648,0.0267006500634791,0.0358585592992296,0.0373098453347752,0.0219978353520001,0.0170400261752437,0.0447672636001178,0.0517834242978406,0.0426940914342924,0.0414102541499448,0.0345545587428079,0.0273954492508321,0.0393352018743342,0.0365540507612944,0.0295507610204295,0.0295507610204295,0.0171525053332501,0.0171525053332501,0.0294772570912648,0.0267006500634791,0.0272973768695557,0.0291158344387521,0.0314686753801405,0.030424357068111,0.0312799732142702,0.0312894740228622,0.0307438407515696,0.02818581954871,0.0302475852274061,0.0276355224074101,0.035316919511925,0.0310455388050833,0.0461315027834141,0.0377667364343442,0.0389155973235215,0.0323554080461992,0.0466443115958167,0.0318156703290419,0.0284475666754735,0.023263524118783,0.0257757849680976,0.0257757849680976,0.0297098599051847,0.0297098599051847,0.0315266368730278,0.0315266368730278,0.0277290373348428,0.0277290373348428,0.0447136555332485,0.0474542887409412,0.0460235761955296,0.0460235761955296,0.0460235761955296,0.0460235761955296,0.0459626788524146,0.0459626788524146,0.0449013483676279,0.0449013483676279,0.0442534863062554,0.0442534863062554,0.0295579255453052,0.0295579255453052,0.0307588709966402,0.0307588709966402,0.027559930572399,0.027559930572399,0.0450218256474156,0.0450218256474156,0.0294440783633298,0.0294440783633298,0.0281358441885311,0.0281358441885311,0.0406269368930994,0.0406269368930994,0.0418917690077191,0.0418917690077191,0.0421882889466473,0.0421882889466473
2023-09-27,-0.0518696409193622,-0.048659832672971,-0.0506407406345897,-0.0187804426778247,-0.0476656110695892,-0.0439403918068161,-0.045494549116465,-0.0171498991334926,-0.0500049693064856,-0.0148956959571933,-0.0486529961321529,-0.0396356165500988,-0.0702891794495016,-0.0314311002935763,-0.0548512057502488,-0.0529330433902166,-0.0600776975601911,-0.0488637330103665,-0.0356522210982817,-0.0156333875811694,-0.0435849151819358,-0.0319554385768035,-0.0493318449655929,-0.0472034137327632,-0.0507303589563649,-0.0500421357937865,-0.0605644496454642,-0.0501917039240036,-0.0403661304901359,-0.0371563221378426,-0.0541876289963505,-0.0190811035559195,-0.0444176454708325,-0.0107621257806638,-0.0018386279759348,-0.0046468042988974,-0.0548512057502488,-0.0529330433902166,-0.0492615543375381,-0.0227932964355732,-0.0523876479898857,-0.0162890081259779,-0.045494549116465,-0.0171498991334926,-0.0260900013982763,-0.0144657860555419,-0.0525377416675426,-0.0259107046513507,-0.0584957447217964,-0.0217224094056183,-0.0310044655622585,-0.0182297641884091,-0.041891186142834,-0.0158260271748024,-0.0656725373958446,-0.0326016424869008,-0.0491539502597667,-0.021461008463718,-0.0508642648169426,-0.0182809733643623,-0.0485366419587014,-0.0233831392849131,-0.0457605831000774,-0.0291858904566329,-0.0375512974359867,-0.0092066472981947,-0.0358196577340411,-0.0358196577340411,-0.0446315042958384,-0.0446315042958384,-0.041891186142834,-0.0158260271748024,-0.0510627473789505,-0.0488441150388622,-0.0451635529306075,-0.0179377923039794,-0.0485782714989096,-0.0493623582840126,-0.0420535202378745,-0.0147619048262233,-0.0428743006480318,-0.0502599193420079,-0.0478928362873579,-0.0359952318045725,-0.0497958870953172,-0.0287341558493414,-0.0480470773692942,-0.0084706450607303,-0.04940658932535,0.0118169287041048,-0.0476274284624814,-0.0315347524908632,-0.0338213776026065,-0.0338213776026065,-0.0246709229080811,-0.0246709229080811,-0.0531656436461179,-0.0531656436461179,-0.0364756206510553,-0.0364756206510553,-0.0494922737502994,-0.0175027096578658,-0.0383407219008328,-0.0383407219008328,-0.0383407219008328,-0.0383407219008328,-0.045513882365072,-0.045513882365072,-0.0327247924931692,-0.0327247924931692,-0.0327661068556818,-0.0327661068556818,-0.0538876653411817,-0.0538876653411817,-0.0456266778552592,-0.0456266778552592,-0.0419372561028679,-0.0419372561028679,-0.0319802380220625,-0.0319802380220625,-0.048879771484445,-0.048879771484445,-0.0211461817738089,-0.0211461817738089,-0.0391159804081717,-0.0391159804081717,-0.0289522019450543,-0.0289522019450543,-0.0377775303842218,-0.0377775303842218
2023-10-31,-0.020191501128927,-0.0486072169547838,-0.0124410920237373,-0.0484043778935384,-0.0173902903783742,-0.0578845971709475,-0.0152569597511959,-0.0556302381520438,-0.0216269265358394,-0.0595488126177854,-0.020498201750463,-0.0591613447328904,-0.0171428870537431,-0.0368705723404736,-0.0192377112078604,-0.0495108383200978,-0.0371625111995106,-0.0628974169816484,-0.0394727438507523,-0.0321828491247757,-0.029709534599285,-0.0402102635921445,-0.0175242921094786,-0.0506434116191032,-0.0231448064533836,-0.0515436842541738,-0.0456977334860523,-0.0637690066789205,-0.0325917369911156,-0.0512303961235341,-0.0621677487999147,-0.0081802494917783,-0.0813032493137342,-0.0196699544459883,-0.0711714186928276,-0.075119810289031,-0.0192377112078604,-0.0495108383200978,-0.0182818809400839,-0.047806018006738,-0.0032161187213735,-0.0418290682640411,-0.0152569597511959,-0.0556302381520438,-0.0214330967817182,-0.0577223311106451,-0.0225589971709244,-0.0500991009116928,-0.0051051984225527,-0.0393175986459363,-0.0195624294933819,-0.0529020947978463,-0.019639370422705,-0.0547174850323832,-0.0226950800040555,-0.0490293763671621,-0.0052238328300221,-0.0499204993572517,0.0010504867209741,-0.038386950448706,-0.0084962401995408,-0.0470602911514699,-0.0215171691165757,-0.0724093672377838,-0.0216439282430114,-0.0506758474664777,-0.0448394528889052,-0.0448394528889052,-0.0453868107966467,-0.0453868107966467,-0.019639370422705,-0.0547174850323832,-0.0182892005800601,-0.0495485263744212,-0.0178868207098184,-0.0529114595858913,-0.0200802726793869,-0.0515052390931161,-0.0191065697533027,-0.0540343704167418,-0.0324021098933801,-0.0659492542548541,-0.0231712546538634,-0.0555837269901824,-0.0293742689037608,-0.0633587889263732,-0.0156582795350243,-0.0490840436302057,-0.0272741760643182,-0.0693931955632744,-0.0219655676688662,-0.0682403863037625,-0.0470924752145391,-0.0470924752145391,-0.0447933218701935,-0.0447933218701935,-0.036703105715588,-0.036703105715588,-0.0446697378020799,-0.0446697378020799,9.387175143139296e-05,-0.0371709173139296,-0.0306225037202813,-0.0306225037202813,-0.0306225037202813,-0.0306225037202813,-0.0275318679835131,-0.0275318679835131,-0.0335479740376526,-0.0335479740376526,-0.0352525913528748,-0.0352525913528748,-0.0445180901832935,-0.0445180901832935,-0.0369610966938791,-0.0369610966938791,-0.0381398235844833,-0.0381398235844833,-0.0318730673385058,-0.0318730673385058,-0.0312195276530326,-0.0312195276530326,-0.0302310026668792,-0.0302310026668792,-0.0222370745098054,-0.0222370745098054,-0.0407331273752482,-0.0407331273752482,-0.0185647185116292,-0.0185647185116292
2023-11-30,0.0285668785132744,0.0285668785132744,0.0482143100030488,0.0482143100030488,0.0349432619420663,0.0349432619420663,0.0542766112487242,0.0542766112487243,0.0524741388499917,0.0524741388499917,0.0343638442965727,0.0343638442965727,0.0349269094730929,0.0349269094730929,0.02414076568619,0.02414076568619,0.0143957610338308,0.0143957612107821,0.0376099403568397,0.0376099403568397,0.033160731522029,0.033160731522029,0.0349877000583504,0.0349877000583504,0.0419360856812658,0.0419360856812658,0.0312160502836201,0.0312160502836201,0.0359054361334547,0.0359054361334547,0.0285668785132744,0.0285668785132744,0.0285668785132744,0.0285668785132744,0.0285668785132744,0.0285668785132744,0.02414076568619,0.02414076568619,0.0594669463523186,0.0594669463523186,0.0495612544907318,0.0495612544907318,0.0542766112487242,0.0542766112487243,0.037804711022604,0.037804711022604,0.0524034967976877,0.0524034967976877,0.0443940017935522,0.0443940017935522,0.0341025558617804,0.0341025558617804,0.0533873484732002,0.0533873484732002,0.0315477613604541,0.0315477613604541,0.0537721305633216,0.0537721305633216,0.0773383542804032,0.0773383542804032,0.0471006646369641,0.0471006646369641,0.0566608692396247,0.0566608692396247,0.0482745160745614,0.0482745160745614,0.0542766112487243,0.0542766112487243,0.0285668785132744,0.0285668785132744,0.0533873484732002,0.0533873484732002,0.0295153116413976,0.0295153116413976,0.0554396460914897,0.0554396460914897,0.0300591971420664,0.0300591971420664,0.0533433095991777,0.0533433095991777,0.0202222635817773,0.0202222635817773,0.0242752624939904,0.0242752624939904,0.0290744824146926,0.0290744824146926,0.0485492433790882,0.0485492433790882,0.0569751686149632,0.0569751686149632,0.0590064083388171,0.0590064083388171,0.0533873484732002,0.0533873484732002,0.0341025558617804,0.0341025558617804,0.0315477613604541,0.0315477613604541,0.0554396460914897,0.0554396460914897,0.080159400036049,0.080159400036049,0.080159400036049,0.080159400036049,0.080159400036049,0.080159400036049,0.0883881236971101,0.0883881236971101,0.0683450013452871,0.0683450013452871,0.0626041798430864,0.0626041798430864,0.0338323015554431,0.0338323015554431,0.0296734992686465,0.0296734992686465,0.0290022697084155,0.0290022697084155,0.0801552736049251,0.0801552736049251,0.0315890333279739,0.0315890333279739,0.090925766565518,0.090925766565518,0.0753564405727904,0.0753564405727904,0.080159400036049,0.080159400036049,0.080159400036049,0.080159400036049
2023-12-28,0.0243750861129048,0.0243750861129048,0.0284315468527997,0.0284315468527997,0.032759754412219,0.032759754412219,0.028144919830435,0.028144919830435,0.0256959852471085,0.0256959852471085,0.0290724340541773,0.0290724340541773,0.0190916876648437,0.0190916876648437,0.0277195294247184,0.0277195294247184,-0.0183428277045221,-0.0183428277045221,0.0283165984800287,0.0283165984800287,0.0264669537705367,0.0264669537705367,0.0363023687749932,0.0363023687749932,0.0176655057793312,0.0176655057793312,0.0221879066132117,0.0221879066132117,0.0244610100908749,0.0244610100908749,0.0243750861129048,0.0243750861129048,0.0243750861129048,0.0243750861129048,0.0243750861129048,0.0243750861129048,0.0277195294247184,0.0277195294247184,-0.0008402365131597,-0.0008402365131597,0.0171144217376133,0.0171144217376133,0.028144919830435,0.028144919830435,0.0376855055835867,0.0376855055835867,-0.0041029633573073,-0.0041029633573073,0.0160277186609112,0.0160277186609112,0.0381690917733553,0.0381690917733553,0.0214373678912867,0.0214373678912867,0.0179294971956694,0.0179294971956694,0.0318250026099052,0.0318250026099052,0.0277353102433768,0.0277353102433768,0.0315816178710656,0.0315816178710656,0.0462174449702618,0.0462174449702618,0.0274987109237507,0.0274987109237507,0.028144919830435,0.028144919830435,0.0243750861129048,0.0243750861129048,0.0214373678912867,0.0214373678912867,0.0329911389139179,0.0329911389139179,0.0165754528697193,0.0165754528697193,0.0326897562799542,0.0326897562799542,0.0134655054384711,0.0134655054384711,0.038505449173466,0.038505449173466,0.0275584674101747,0.0275584674101747,0.028115717672517,0.028115717672517,0.018026514071543,0.018026514071543,0.0146747998506712,0.0146747998506712,0.0416128392589127,0.0416128392589127,0.0214373678912867,0.0214373678912867,0.0381690917733553,0.0381690917733553,0.0179294971956694,0.0179294971956694,0.0165754528697193,0.0165754528697193,0.019316904538491,0.019316904538491,0.019316904538491,0.019316904538491,0.019316904538491,0.019316904538491,-0.000492586318281,-0.000492586318281,0.0291733358389875,0.0291733358389875,0.0311368318232417,0.0311368318232417,0.0066221550618579,0.0066221550618579,0.0259962539368109,0.0259962539368109,0.0268098836920091,0.0268098836920091,0.019316904538491,0.019316904538491,0.0179294971956694,0.0179294971956694,0.0458741851518163,0.0458741851518163,0.0253181765004029,0.0253181765004029,0.019316904538491,0.019316904538491,0.019316904538491,0.019316904538491
2024-01-31,0.0274997128070226,0.0274997128070226,0.0328711760561767,0.0328711760561767,0.0264813100974286,0.0264813100974286,0.0324195520782979,0.0324195520782979,0.0274481316852392,0.0274481316852392,0.0187457033832732,0.0187457033832732,0.0283729870181986,0.0283729870181986,0.0246364547895465,0.0246364547895465,0.0486954317986965,0.0486954317986965,0.0121779147955344,0.0121779147955344,0.0199030283031711,0.0199030283031711,0.0252558907621066,0.0252558907621066,0.0284539945535831,0.0284539945535831,0.0103879170721205,0.0103879170721205,0.0306581059027236,0.0306581059027236,0.0274997128070226,0.0274997128070226,0.0274997128070226,0.0274997128070226,0.0274997128070226,0.0274997128070226,0.0246364547895465,0.0246364547895465,0.0211945620504984,0.0211945620504984,0.0258006491436633,0.0258006491436633,0.0324195520782979,0.0324195520782979,0.0275161882494268,0.0275161882494268,0.0229224541737521,0.0229224541737521,0.0271799983759234,0.0271799983759234,0.0300795995245796,0.0300795995245796,0.0288948731764425,0.0288948731764425,0.0272553906141277,0.0272553906141277,0.0353275326785185,0.0353275326785185,0.0386650908360495,0.0386650908360495,0.0331866512963126,0.0331866512963126,0.031031996106965,0.031031996106965,0.0341854250128927,0.0341854250128927,0.0324195520782979,0.0324195520782979,0.0274997128070226,0.0274997128070226,0.0288948731764425,0.0288948731764425,0.028390502283744,0.028390502283744,0.0312459667192146,0.0312459667192146,0.0242060805871116,0.0242060805871116,0.0303819293648784,0.0303819293648784,0.0170586204968753,0.0170586204968753,0.0213417890899759,0.0213417890899759,0.0247804340533882,0.0247804340533882,0.0241415767114687,0.0241415767114687,0.0323594521808824,0.0323594521808824,0.0289245687319234,0.0289245687319234,0.0288948731764425,0.0288948731764425,0.0300795995245796,0.0300795995245796,0.0272553906141277,0.0272553906141277,0.0312459667192146,0.0312459667192146,0.032145047176385,0.032145047176385,0.032145047176385,0.032145047176385,0.032145047176385,0.032145047176385,0.0278365131930613,0.0278365131930613,0.0290800841539149,0.0290800841539149,0.0277437254449333,0.0277437254449333,0.0276267768280907,0.0276267768280907,0.0275476262031829,0.0275476262031829,0.0278081145636621,0.0278081145636621,0.032145047176385,0.032145047176385,0.0272553906141277,0.0272553906141277,0.0327555062264168,0.0327555062264168,0.0323389213554763,0.0323389213554763,0.032145047176385,0.032145047176385,0.032145047176385,0.032145047176385
2024-02-29,0.019301240639986,0.019301240639986,0.029978105268356,0.029978105268356,0.0137712448205896,0.0137712448205896,0.0271792321696303,0.0271792321696303,0.0278570636771033,0.0278570636771033,0.0110553922058133,0.0110553922058133,0.03938974985094,0.03938974985094,0.0169811263752678,0.0169811263752678,0.0275706569850444,0.0275706569850444,0.0096527335807002,0.0096527335807002,0.0145588065552094,0.0145588065552094,0.0211028055130542,0.0211028055130542,0.0183834573121192,0.0183834573121192,0.0301033459949513,0.0301033459949513,0.0202976999228158,0.0202976999228158,0.019301240639986,0.019301240639986,0.019301240639986,0.019301240639986,0.019301240639986,0.019301240639986,0.0169811263752678,0.0169811263752678,0.0243083164010667,0.0243083164010667,0.0252659066866656,0.0252659066866656,0.0271792321696303,0.0271792321696303,0.0150280801928798,0.0150280801928798,0.0275155150711283,0.0275155150711283,0.0285854908865017,0.0285854908865017,0.0165998719512908,0.0165998719512908,0.0274960672413381,0.0274960672413381,0.0378941325789701,0.0378941325789701,0.0233843649394893,0.0233843649394893,0.0212310741641466,0.0212310741641466,0.0241316405976417,0.0241316405976417,0.0314024464724405,0.0314024464724405,0.0282880676335874,0.0282880676335874,0.0271792321696303,0.0271792321696303,0.019301240639986,0.019301240639986,0.0274960672413381,0.0274960672413381,0.018161625436966,0.018161625436966,0.0291146671986311,0.0291146671986311,0.0160987015761738,0.0160987015761738,0.029859727730549,0.029859727730549,0.0063318872483454,0.0063318872483454,0.0201081743439254,0.0201081743439254,0.0234317763706767,0.0234317763706767,0.0315031146999984,0.0315031146999984,0.0325439424135789,0.0325439424135789,0.0370496354261103,0.0370496354261103,0.0274960672413381,0.0274960672413381,0.0165998719512908,0.0165998719512908,0.0378941325789701,0.0378941325789701,0.0291146671986311,0.0291146671986311,0.0230933626503712,0.0230933626503712,0.0230933626503712,0.0230933626503712,0.0230933626503712,0.0230933626503712,0.0255597841909836,0.0255597841909836,0.0163540935396151,0.0163540935396151,0.013292003294879,0.013292003294879,0.0429553649368494,0.0429553649368494,0.0284783767989518,0.0284783767989518,0.0241779324753264,0.0241779324753264,0.0230933626503712,0.0230933626503712,0.0378941325789701,0.0378941325789701,0.0116857690795034,0.0116857690795034,0.0247247842367116,0.0247247842367116,0.0230933626503712,0.0230933626503712,0.0230933626503712,0.0230933626503712
2024-03-29,0.0003130125774971,0.0003130125774971,0.0100461542287212,0.0100461542287212,-0.0146757485054297,-0.0146757485054297,0.0050091786866746,0.0050091786866746,0.0142803797298521,0.0142803797298521,-0.0096865354843841,-0.0096865354843841,0.0323452353262061,0.0323452353262061,-0.0021767703890943,-0.0021767703890943,0.0148862103723351,0.0148862103723351,0.0063068656293536,0.0063068656293536,0.0034727757378285,0.0034727757378285,0.0072264318690165,0.0072264318690165,0.0173476370481574,0.0173476370481574,0.011803333221385,0.011803333221385,0.0117427256287694,0.0117427256287694,0.0003130125774971,0.0003130125774971,0.0003130125774971,0.0003130125774971,0.0003130125774971,0.0003130125774971,-0.0021767703890943,-0.0021767703890943,0.0068464954756648,0.0068464954756648,0.0125577274514479,0.0125577274514479,0.0050091786866746,0.0050091786866746,-0.0088735661685977,-0.0088735661685977,0.010296091597493,0.010296091597493,0.0146104024579461,0.0146104024579461,-0.0070296231376072,-0.0070296231376072,0.003482625647076,0.003482625647076,0.025741205839241,0.025741205839241,-0.0097980876321878,-0.0097980876321878,-0.0020596112458059,-0.0020596112458059,0.000658206237549,0.000658206237549,0.0162766798523653,0.0162766798523653,0.0090967896205104,0.0090967896205104,0.0050091786866746,0.0050091786866746,0.0003130125774971,0.0003130125774971,0.003482625647076,0.003482625647076,-0.0025008530835308,-0.0025008530835308,0.0020000044078026,0.0020000044078026,-0.005513521975919,-0.005513521975919,0.003056219994973,0.003056219994973,-0.0081298258211883,-0.0081298258211883,-0.0084505455742236,-0.0084505455742236,-0.0085803564569482,-0.0085803564569482,-0.0046445628394116,-0.0046445628394116,-0.0031945685210611,-0.0031945685210611,0.0136604914084022,0.0136604914084022,0.003482625647076,0.003482625647076,-0.0070296231376072,-0.0070296231376072,0.025741205839241,0.025741205839241,0.0020000044078026,0.0020000044078026,-0.0038326894471862,-0.0038326894471862,-0.0038326894471862,-0.0038326894471862,-0.0038326894471862,-0.0038326894471862,0.0005675197775051,0.0005675197775051,-0.0147346900143079,-0.0147346900143079,-0.0206602436163419,-0.0206602436163419,0.0335848258991732,0.0335848258991732,0.0123383099697422,0.0123383099697422,0.0047190528451747,0.0047190528451747,-0.0038326894471862,-0.0038326894471862,0.025741205839241,0.025741205839241,0.0101739922229516,0.0101739922229516,0.0047555126491386,0.0047555126491386,-0.0038326894471862,-0.0038326894471862,-0.0038326894471862,-0.0038326894471862
2024-04-30,0.0438685272865843,0.0438685272865843,0.0408728140309248,0.0408728140309248,0.038415259936786,0.038415259936786,0.0415194049068127,0.0415194049068127,0.0482020658526481,0.0482020658526481,0.038870717454772,0.038870717454772,0.0276601990166204,0.0276601990166204,0.0370146894434721,0.0370146894434721,0.061103056371212,0.061103056371212,0.0379526698267959,0.0379526698267959,0.0410210650565271,0.0410210650565271,0.0549432854254348,0.0549432854254348,0.0411165014296117,0.0411165014296117,0.041258827825017,0.041258827825017,0.0291678056529634,0.0291678056529634,0.0438685272865843,0.0438685272865843,0.0438685272865843,0.0438685272865843,0.0438685272865843,0.0438685272865843,0.0370146894434721,0.0370146894434721,0.0404079519491387,0.0404079519491387,0.0424082543897589,0.0424082543897589,0.0415194049068127,0.0415194049068127,0.0408543928439146,0.0408543928439146,0.0392375616934506,0.0392375616934506,0.0424888634035394,0.0424888634035394,0.0415119084103703,0.0415119084103703,0.0395788285758632,0.0395788285758632,0.0338790600367917,0.0338790600367917,0.0311602748995324,0.0311602748995324,0.0439100056265372,0.0439100056265372,0.0375767435821093,0.0375767435821093,0.0386484674581733,0.0386484674581733,0.0324660647672558,0.0324660647672558,0.0415194049068127,0.0415194049068127,0.0438685272865843,0.0438685272865843,0.0395788285758632,0.0395788285758632,0.0398822610263131,0.0398822610263131,0.0409499439701946,0.0409499439701946,0.0324472044665754,0.0324472044665754,0.0393219394948247,0.0393219394948247,0.0257045250051878,0.0257045250051878,0.0233494661003636,0.0233494661003636,0.031183429270371,0.031183429270371,0.0319104645682905,0.0319104645682905,0.0356947433941471,0.0356947433941471,0.0325481954786137,0.0325481954786137,0.0395788285758632,0.0395788285758632,0.0415119084103703,0.0415119084103703,0.0338790600367917,0.0338790600367917,0.0409499439701946,0.0409499439701946,0.0412463694446384,0.0412463694446384,0.0412463694446384,0.0412463694446384,0.0412463694446384,0.0412463694446384,0.0373248926012524,0.0373248926012524,0.0428592831989549,0.0428592831989549,0.0423681722787135,0.0423681722787135,0.0351144315470879,0.0351144315470879,0.0352340477129072,0.0352340477129072,0.0363431836359308,0.0363431836359308,0.0412463694446384,0.0412463694446384,0.0338790600367917,0.0338790600367917,0.0424106842196124,0.0424106842196124,0.0430442345060757,0.0430442345060757,0.0412463694446384,0.0412463694446384,0.0412463694446384,0.0412463694446384
2024-05-31,0.0547636129725715,0.0547636129725715,0.0354874051665885,0.0354874051665885,0.0450351589731568,0.0450351589731568,0.0363640023342029,0.0363640023342029,0.044670299279546,0.044670299279546,0.0480534009791443,0.0480534009791443,0.0310154468232702,0.0310154468232702,0.0516318002544344,0.0516318002544344,0.0766160038113594,0.0766160038113594,0.0242014419040608,0.0242014419040608,0.0395319482109686,0.0395319482109686,0.0465905809589779,0.0465905809589779,0.0290258123492415,0.0290258123492415,0.054937659624947,0.054937659624947,0.0354140186053438,0.0354140186053438,0.0547636129725715,0.0547636129725715,0.0547636129725715,0.0547636129725715,0.0547636129725715,0.0547636129725715,0.0516318002544344,0.0516318002544344,0.032916918140755,0.032916918140755,0.0349579514412462,0.0349579514412462,0.0363640023342029,0.0363640023342029,0.0383815422413597,0.0383815422413597,0.03168152770018,0.03168152770018,0.0341161849360394,0.0341161849360394,0.0359760552063301,0.0359760552063301,0.0351157401785313,0.0351157401785313,0.0345434300775295,0.0345434300775295,0.0403209289148017,0.0403209289148017,0.023066330519094,0.023066330519094,0.0312530472102394,0.0312530472102394,0.0149075004057926,0.0149075004057926,0.025153341368855,0.025153341368855,0.0363640023342029,0.0363640023342029,0.0547636129725715,0.0547636129725715,0.0351157401785313,0.0351157401785313,0.0548127074229047,0.0548127074229047,0.0345629151068203,0.0345629151068203,0.0485164195751965,0.0485164195751965,0.0356465427397376,0.0356465427397376,0.0405549513658548,0.0405549513658548,0.0457635391288796,0.0457635391288796,0.0480971758742566,0.0480971758742566,0.0270911699578887,0.0270911699578887,0.0327931864310858,0.0327931864310858,0.0119937045413836,0.0119937045413836,0.0351157401785313,0.0351157401785313,0.0359760552063301,0.0359760552063301,0.0345434300775295,0.0345434300775295,0.0345629151068203,0.0345629151068203,0.0195754917828639,0.0195754917828639,0.0195754917828639,0.0195754917828639,0.0195754917828639,0.0195754917828639,0.0143747938621046,0.0143747938621046,0.0262844909880833,0.0262844909880833,0.0303760998155047,0.0303760998155047,0.0339145376936144,0.0339145376936144,0.0371037576184503,0.0371037576184503,0.0399629637117391,0.0399629637117391,0.0195754917828639,0.0195754917828639,0.0345434300775295,0.0345434300775295,0.0003111515018348,0.0003111515018348,0.0237833458487412,0.0237833458487412,0.0195754917828639,0.0195754917828639,0.0195754917828639,0.0195754917828639
2024-06-28,-0.0319604545350296,-0.0319604545350296,-0.0251335451056707,-0.0251335451056707,-0.0291744615075254,-0.0291744615075254,-0.0216224033211766,-0.0216224033211766,-0.0232264051635632,-0.0232264051635632,-0.0310642701837182,-0.0310642701837182,-0.027926442216633,-0.027926442216633,-0.0316832868586399,-0.0316832868586399,-0.050450372248888,-0.050450372248888,-0.0473040292636509,-0.0473040292636509,-0.0395375494596001,-0.0395375494596001,-0.0372437786870137,-0.0372437786870137,-0.0295586818186462,-0.0295586818186462,-0.0331328880834914,-0.0331328880834914,-0.0154534578598349,-0.0154534578598349,-0.0319604545350296,-0.0319604545350296,-0.0319604545350296,-0.0319604545350296,-0.0319604545350296,-0.0319604545350296,-0.0316832868586399,-0.0316832868586399,-0.0193252057630627,-0.0193252057630627,-0.0190870486750348,-0.0190870486750348,-0.0216224033211766,-0.0216224033211766,-0.0275849131449473,-0.0275849131449473,-0.0194159790626386,-0.0194159790626386,-0.0208934723039913,-0.0208934723039913,-0.0285772964440888,-0.0285772964440888,-0.0206074352280089,-0.0206074352280089,-0.0255321889967008,-0.0255321889967008,-0.0324930225416551,-0.0324930225416551,-0.0131177472282527,-0.0131177472282527,-0.024805574375998,-0.024805574375998,-0.0264694756968272,-0.0264694756968272,-0.0014929128128283,-0.0014929128128283,-0.0216224033211766,-0.0216224033211766,-0.0319604545350296,-0.0319604545350296,-0.0206074352280089,-0.0206074352280089,-0.0327328027911941,-0.0327328027911941,-0.0208457004767279,-0.0208457004767279,-0.0296185864134378,-0.0296185864134378,-0.0204228822750604,-0.0204228822750604,-0.02851338470646,-0.02851338470646,-0.0286033541568131,-0.0286033541568131,-0.0212391530225807,-0.0212391530225807,-0.0240430802857242,-0.0240430802857242,-0.0094845681193137,-0.0094845681193137,-0.0266504643404818,-0.0266504643404818,-0.0206074352280089,-0.0206074352280089,-0.0285772964440888,-0.0285772964440888,-0.0255321889967008,-0.0255321889967008,-0.0208457004767279,-0.0208457004767279,-0.0113227766236306,-0.0113227766236306,-0.0113227766236306,-0.0113227766236306,-0.0113227766236306,-0.0113227766236306,-0.0098792180030361,-0.0098792180030361,-0.0171935614397134,-0.0171935614397134,-0.0183812832126205,-0.0183812832126205,-0.0257832030008571,-0.0257832030008571,-0.0294419334371811,-0.0294419334371811,-0.029678861202909,-0.029678861202909,-0.0113227766236306,-0.0113227766236306,-0.0255321889967008,-0.0255321889967008,-0.0109833709084568,-0.0109833709084568,-0.0235573341034986,-0.0235573341034986,-0.0113227766236306,-0.0113227766236306,-0.0113227766236306,-0.0113227766236306
2024-07-31,-0.0159859746779344,-0.0159859746779344,-0.0003881821691204,-0.0003881821691204,-0.0077393484634431,-0.0077393484634431,5.474974002896453e-05,5.474974002896453e-05,0.0007464139587697,0.0007464139587697,-0.0058671219030744,-0.0058671219030744,0.0070713188051926,0.0070713188051926,-0.0129153999802698,-0.0129153999802698,-0.0307353548024587,-0.0307353548024587,-0.0108536799526617,-0.0108536799526617,-0.013360472786535,-0.013360472786535,-0.0157675848183236,-0.0157675848183236,-0.0191175045980798,-0.0191175045980798,-0.0181656454880177,-0.0181656454880177,0.0197942103816062,0.0197942103816062,-0.0159859746779344,-0.0159859746779344,-0.0159859746779344,-0.0159859746779344,-0.0159859746779344,-0.0159859746779344,-0.0129153999802698,-0.0129153999802698,0.0021745880592171,0.0021745880592171,0.0007033538073784,0.0007033538073784,5.474974002896453e-05,5.474974002896453e-05,-0.0140134762649472,-0.0140134762649472,0.0017717111307394,0.0017717111307394,0.00113876637325,0.00113876637325,-0.0145191238425287,-0.0145191238425287,-0.001067221019061,-0.001067221019061,0.0052559133497344,0.0052559133497344,-0.0003892794932399,-0.0003892794932399,0.0058279233074737,0.0058279233074737,0.0068635501864703,0.0068635501864703,-0.0029584497533167,-0.0029584497533167,0.0339153949217441,0.0339153949217441,5.474974002896453e-05,5.474974002896453e-05,-0.0159859746779344,-0.0159859746779344,-0.001067221019061,-0.001067221019061,-0.0129503187584133,-0.0129503187584133,-0.0028148621791451,-0.0028148621791451,-0.0086181298233935,-0.0086181298233935,-0.00180899152639,-0.00180899152639,-0.0030132730508099,-0.0030132730508099,-0.004297988679562,-0.004297988679562,-0.0044237789575156,-0.0044237789575156,0.0088052147729092,0.0088052147729092,0.008023731523738,0.008023731523738,-0.0044046772415999,-0.0044046772415999,-0.001067221019061,-0.001067221019061,-0.0145191238425287,-0.0145191238425287,0.0052559133497344,0.0052559133497344,-0.0028148621791451,-0.0028148621791451,0.00478371009491,0.00478371009491,0.00478371009491,0.00478371009491,0.00478371009491,0.00478371009491,0.0085823004301918,0.0085823004301918,0.0002679394073392,0.0002679394073392,-0.0016928413096209,-0.0016928413096209,0.0077017744702875,0.0077017744702875,-0.0013124694964518,-0.0013124694964518,-0.0040775467452153,-0.0040775467452153,0.00478371009491,0.00478371009491,0.0052559133497344,0.0052559133497344,0.0114787779051978,0.0114787779051978,0.0009814083078734,0.0009814083078734,0.00478371009491,0.00478371009491,0.00478371009491,0.00478371009491
2024-08-30,-0.0024380598314953,-0.0024380598314953,-0.0013253978342324,-0.0013253978342324,-0.0121006997304554,-0.0121006997304554,-0.0036109380574398,-0.0036109380574398,-0.0076266148335361,-0.0076266148335361,-0.0126493737044732,-0.0126493737044732,-0.0034098855691888,-0.0034098855691888,-0.0015011514960798,-0.0015011514960798,0.0081033009290695,0.0081033009290695,-0.0017527887062792,-0.0017527887062792,-0.0020821004974157,-0.0020821004974157,-0.0045570403284737,-0.0045570403284737,-0.0117828249070491,-0.0117828249070491,-0.0171353867735801,-0.0171353867735801,-0.0210208906387879,-0.0210208906387879,-0.0024380598314953,-0.0024380598314953,-0.0024380598314953,-0.0024380598314953,-0.0024380598314953,-0.0024380598314953,-0.0015011514960798,-0.0015011514960798,0.0054973607972956,0.0054973607972956,-0.0062518996213751,-0.0062518996213751,-0.0036109380574398,-0.0036109380574398,-0.0068659001938269,-0.0068659001938269,0.0092961142077296,0.0092961142077296,-0.005312934722918,-0.005312934722918,-0.0042955217073177,-0.0042955217073177,-0.0007662553397598,-0.0007662553397598,-0.0009096031389928,-0.0009096031389928,-0.0007774012819359,-0.0007774012819359,-0.0101575232011816,-0.0101575232011816,-0.0038832869994685,-0.0038832869994685,-0.0018224113702855,-0.0018224113702855,-0.0269010006547759,-0.0269010006547759,-0.0036109380574398,-0.0036109380574398,-0.0024380598314953,-0.0024380598314953,-0.0007662553397598,-0.0007662553397598,-0.0048203802168496,-0.0048203802168496,0.0001371313427956,0.0001371313427956,-0.0091876330740383,-0.0091876330740383,0.0020304120828205,0.0020304120828205,-0.0118383681447146,-0.0118383681447146,-0.0085697830250395,-0.0085697830250395,-0.0076198412291797,-0.0076198412291797,0.0002484518717282,0.0002484518717282,0.0053992391335338,0.0053992391335338,0.0018377283796909,0.0018377283796909,-0.0007662553397598,-0.0007662553397598,-0.0042955217073177,-0.0042955217073177,-0.0009096031389928,-0.0009096031389928,0.0001371313427956,0.0001371313427956,-0.0084178360610134,-0.0084178360610134,-0.0084178360610134,-0.0084178360610134,-0.0084178360610134,-0.0084178360610134,-0.0055729505880521,-0.0055729505880521,-0.011321811885086,-0.011321811885086,-0.0132322108478196,-0.0132322108478196,0.0026460086915843,0.0026460086915843,-0.0029969854837691,-0.0029969854837691,-0.0047532920882439,-0.0047532920882439,-0.0084178360610134,-0.0084178360610134,-0.0009096031389928,-0.0009096031389928,-0.0095278479703207,-0.0095278479703207,-0.0094943122490935,-0.0094943122490935,-0.0084178360610134,-0.0084178360610134,-0.0084178360610134,-0.0084178360610134
2024-09-30,-0.006723564531936,-0.006723564531936,-0.0133141152532099,-0.0133141152532099,-0.004577624899475,-0.004577624899475,-0.0134349699844512,-0.0134349699844512,-0.014947234602314,-0.014947234602314,-0.0065246179557794,-0.0065246179557794,-0.0124950799817882,-0.0124950799817882,-0.0071151464225842,-0.0071151464225842,-0.0111500272474989,-0.0111500272474989,-0.0063726620826751,-0.0063726620826751,-0.0064957663470877,-0.0064957663470877,-0.0054813306367634,-0.0054813306367634,-0.008688391342034,-0.008688391342034,-0.0020092691844058,-0.0020092691844058,-0.00014935801153,-0.00014935801153,-0.006723564531936,-0.006723564531936,-0.006723564531936,-0.006723564531936,-0.006723564531936,-0.006723564531936,-0.0071151464225842,-0.0071151464225842,-0.0132738482586585,-0.0132738482586585,-0.0138698335099713,-0.0138698335099713,-0.0134349699844512,-0.0134349699844512,-0.0065946078232225,-0.0065946078232225,-0.0137153047015034,-0.0137153047015034,-0.0136896998415305,-0.0136896998415305,-0.0070551757536207,-0.0070551757536207,-0.0126276858323901,-0.0126276858323901,-0.0123294951908218,-0.0123294951908218,-0.0122110733300113,-0.0122110733300113,-0.0144994770028658,-0.0144994770028658,-0.0140430933912626,-0.0140430933912626,-0.0110125580077175,-0.0110125580077175,-0.006840361731966,-0.006840361731966,-0.0134349699844512,-0.0134349699844512,-0.006723564531936,-0.006723564531936,-0.0126276858323901,-0.0126276858323901,-0.0086197364593005,-0.0086197364593005,-0.0153779740438214,-0.0153779740438214,-0.0075409807872258,-0.0075409807872258,-0.0165674947448394,-0.0165674947448394,-0.0011843463490196,-0.0011843463490196,-0.0016310860095421,-0.0016310860095421,-0.0019063740945228,-0.0019063740945228,-0.0116099204879026,-0.0116099204879026,-0.0121952887868544,-0.0121952887868544,-0.0125883467505151,-0.0125883467505151,-0.0126276858323901,-0.0126276858323901,-0.0070551757536207,-0.0070551757536207,-0.0123294951908218,-0.0123294951908218,-0.0153779740438214,-0.0153779740438214,-0.0134647336505378,-0.0134647336505378,-0.0134647336505378,-0.0134647336505378,-0.0134647336505378,-0.0134647336505378,-0.0126787992627415,-0.0126787992627415,-0.0114846822848895,-0.0114846822848895,-0.0095371104545888,-0.0095371104545888,-0.0135128154241435,-0.0135128154241435,-0.0094804822626046,-0.0094804822626046,-0.0078887431518541,-0.0078887431518541,-0.0134647336505378,-0.0134647336505378,-0.0123294951908218,-0.0123294951908218,-0.0140095791273403,-0.0140095791273403,-0.0121418235095182,-0.0121418235095182,-0.0134647336505378,-0.0134647336505378,-0.0134647336505378,-0.0134647336505378
2024-10-31,-0.007893750026802,-0.007893750026802,-0.0200345263933181,-0.0200345263933181,0.0004901407953481,0.0004901407953481,-0.019084966671591,-0.019084966671591,-0.0212199971834013,-0.0212199971834013,-0.0028089618773332,-0.0028089618773332,-0.0235667067330363,-0.0235667067330363,-0.0117911102544691,-0.0117911102544691,-0.0422565993126899,-0.0422565993126899,-0.0192215131065529,-0.0192215131065529,-0.0133549129037828,-0.0133549129037828,-0.0060664894248934,-0.0060664894248934,-0.0071481379483134,-0.0071481379483134,-0.0142999936593098,-0.0142999936593098,-0.0205914542093582,-0.0205914542093582,-0.007893750026802,-0.007893750026802,-0.007893750026802,-0.007893750026802,-0.007893750026802,-0.007893750026802,-0.0117911102544691,-0.0117911102544691,-0.0296895057571663,-0.0296895057571663,-0.0258360784132485,-0.0258360784132485,-0.019084966671591,-0.019084966671591,-0.0077663608059332,-0.0077663608059332,-0.0309104229116329,-0.0309104229116329,-0.0260964949591561,-0.0260964949591561,-0.0094008665684187,-0.0094008665684187,-0.0190443218794235,-0.0190443218794235,-0.0245879596247655,-0.0245879596247655,-0.0074306638266235,-0.0074306638266235,-0.0126036380616877,-0.0126036380616877,-0.0171516513377953,-0.0171516513377953,-0.0173904438857729,-0.0173904438857729,-0.0290913780499973,-0.0290913780499973,-0.019084966671591,-0.019084966671591,-0.007893750026802,-0.007893750026802,-0.0190443218794235,-0.0190443218794235,-0.008125597475149,-0.008125597475149,-0.0210812979256739,-0.0210812979256739,-0.0074255859971355,-0.0074255859971355,-0.0233717149014953,-0.0233717149014953,-0.0071431249718042,-0.0071431249718042,-0.0049249999581433,-0.0049249999581433,-0.003431106714245,-0.003431106714245,-0.0192950118846488,-0.0192950118846488,-0.0161626327691859,-0.0161626327691859,-0.0183627495933375,-0.0183627495933375,-0.0190443218794235,-0.0190443218794235,-0.0094008665684187,-0.0094008665684187,-0.0245879596247655,-0.0245879596247655,-0.0210812979256739,-0.0210812979256739,-0.0115522161056622,-0.0115522161056622,-0.0115522161056622,-0.0115522161056622,-0.0115522161056622,-0.0115522161056622,-0.0162617055971037,-0.0162617055971037,-0.0044589679934415,-0.0044589679934415,0.0002997138072126,0.0002997138072126,-0.0278926780701516,-0.0278926780701516,-0.0185728137084975,-0.0185728137084975,-0.0146278995774297,-0.0146278995774297,-0.0115522161056622,-0.0115522161056622,-0.0245879596247655,-0.0245879596247655,-0.0083819588436628,-0.0083819588436628,-0.0243278196324763,-0.0243278196324763,-0.0115522161056622,-0.0115522161056622,-0.0115522161056622,-0.0115522161056622
2024-11-29,-0.0142857032433772,-0.0142857032433772,-0.0095850760813309,-0.0095850760813309,-0.0323107450705308,-0.0323107450705308,-0.0114441535136899,-0.0114441535136899,-0.0065935997707521,-0.0065935997707521,-0.0322880509095762,-0.0322880509095762,-0.003066545971102,-0.003066545971102,-0.0155661489703348,-0.0155661489703348,0.0123189227283,0.0123189227283,-0.025069218089095,-0.025069218089095,-0.0196432010241768,-0.0196432010241768,-0.0215604734921978,-0.0215604734921978,-0.0189769465708386,-0.0189769465708386,-0.0158557403557758,-0.0158557403557758,-0.0330576678544555,-0.0330576678544555,-0.0142857032433772,-0.0142857032433772,-0.0142857032433772,-0.0142857032433772,-0.0142857032433772,-0.0142857032433772,-0.0155661489703348,-0.0155661489703348,-0.0136941200460477,-0.0136941200460477,-0.0146985347716337,-0.0146985347716337,-0.0114441535136899,-0.0114441535136899,-0.0267663630727056,-0.0267663630727056,-0.0121549749068556,-0.0121549749068556,-0.0122411565089428,-0.0122411565089428,-0.0242875265563788,-0.0242875265563788,-0.0144021577097094,-0.0144021577097094,-0.0041273676189248,-0.0041273676189248,-0.023996839785242,-0.023996839785242,-0.0128449004511537,-0.0128449004511537,-0.0175033336154265,-0.0175033336154265,-0.0206416816010305,-0.0206416816010305,-0.0320616165597553,-0.0320616165597553,-0.0114441535136899,-0.0114441535136899,-0.0142857032433772,-0.0142857032433772,-0.0144021577097094,-0.0144021577097094,-0.0153435037766573,-0.0153435037766573,-0.012777354417278,-0.012777354417278,-0.0172305103032376,-0.0172305103032376,-0.010790655139524,-0.010790655139524,-0.0303470395172307,-0.0303470395172307,-0.0312526000763339,-0.0312526000763339,-0.0205775011796322,-0.0205775011796322,-0.0129984849336291,-0.0129984849336291,-0.0061439845348877,-0.0061439845348877,-0.0174236421991189,-0.0174236421991189,-0.0144021577097094,-0.0144021577097094,-0.0242875265563788,-0.0242875265563788,-0.0041273676189248,-0.0041273676189248,-0.012777354417278,-0.012777354417278,-0.0144325853548398,-0.0144325853548398,-0.0144325853548398,-0.0144325853548398,-0.0144325853548398,-0.0144325853548398,-0.00946285916427,-0.00946285916427,-0.0229371569288578,-0.0229371569288578,-0.027948401322052,-0.027948401322052,-0.00415051531496,-0.00415051531496,-0.0094165271453711,-0.0094165271453711,-0.0126729274897703,-0.0126729274897703,-0.0144325853548398,-0.0144325853548398,-0.0041273676189248,-0.0041273676189248,-0.0221416557296663,-0.0221416557296663,-0.0122320491339212,-0.0122320491339212,-0.0144325853548398,-0.0144325853548398,-0.0144325853548398,-0.0144325853548398
2024-12-30,0.0005026950913882,0.0005026950913882,0.0037397603493606,0.0037397603493606,0.0041150457366005,0.0041150457366005,0.0022391391784952,0.0022391391784952,0.0055034461011641,0.0055034461011641,0.0047325384680946,0.0047325384680946,0.0030219720459618,0.0030219720459618,0.000167966369389,0.000167966369389,0.0159312646757066,0.0159312646757066,-0.0034577770381835,-0.0034577770381835,-0.0014303461573349,-0.0014303461573349,0.0018870620707842,0.0018870620707842,0.0024704461177802,0.0024704461177802,0.0136078271610496,0.0136078271610496,-0.0103905014381822,-0.0103905014381822,0.0005026950913882,0.0005026950913882,0.0005026950913882,0.0005026950913882,0.0005026950913882,0.0005026950913882,0.000167966369389,0.000167966369389,0.0128444054204408,0.0128444054204408,0.0047167109966218,0.0047167109966218,0.0022391391784952,0.0022391391784952,0.0020227806530295,0.0020227806530295,0.0157051034781888,0.0157051034781888,0.0062071628202094,0.0062071628202094,0.0012933543842522,0.0012933543842522,0.0084049840607009,0.0084049840607009,0.0073936136231128,0.0073936136231128,0.0062696354218851,0.0062696354218851,0.006882353433157,0.006882353433157,0.0011266530856374,0.0011266530856374,0.0020326255428819,0.0020326255428819,-0.0120138552850127,-0.0120138552850127,0.0022391391784952,0.0022391391784952,0.0005026950913882,0.0005026950913882,0.0084049840607009,0.0084049840607009,0.0044331425020487,0.0044331425020487,0.0093726530463395,0.0093726530463395,0.0023577431313873,0.0023577431313873,0.0099712042314791,0.0099712042314791,0.0040416804841349,0.0040416804841349,0.001260122952055,0.001260122952055,0.0023790751662164,0.0023790751662164,0.0073806847450915,0.0073806847450915,0.0104564059993087,0.0104564059993087,0.0124894173853244,0.0124894173853244,0.0084049840607009,0.0084049840607009,0.0012933543842522,0.0012933543842522,0.0073936136231128,0.0073936136231128,0.0093726530463395,0.0093726530463395,0.011054686890302,0.011054686890302,0.011054686890302,0.011054686890302,0.011054686890302,0.011054686890302,0.013412401706708,0.013412401706708,0.0111897788639259,0.0111897788639259,0.0111043968668269,0.0111043968668269,0.0182793884619452,0.0182793884619452,0.0017692987733509,0.0017692987733509,0.0009560047393592,0.0009560047393592,0.011054686890302,0.011054686890302,0.0073936136231128,0.0073936136231128,0.0297185594280988,0.0297185594280988,0.0035198900840745,0.0035198900840745,0.011054686890302,0.011054686890302,0.011054686890302,0.011054686890302
2025-01-31,0.0339372687389619,0.0339372687389619,0.0324590724582128,0.0324590724582128,0.0269454075566772,0.0269454075566772,0.0337447266831877,0.0337447266831877,0.0348193333758834,0.0348193333758834,0.028708771015806,0.028708771015806,0.0284573827518724,0.0284573827518724,0.0344424965435978,0.0344424965435978,0.0587838247621278,0.0587838247621278,0.0254034680441177,0.0254034680441177,0.029714642892047,0.029714642892047,0.0430523773909619,0.0430523773909619,0.0338865726188553,0.0338865726188553,0.047425587687713,0.047425587687713,0.0342047156165041,0.0342047156165041,0.0339372687389619,0.0339372687389619,0.0339372687389619,0.0339372687389619,0.0339372687389619,0.0339372687389619,0.0344424965435978,0.0344424965435978,0.0321485545967626,0.0321485545967626,0.0311974070519925,0.0311974070519925,0.0337447266831877,0.0337447266831877,0.0389254492116554,0.0389254492116554,0.0316167358128758,0.0316167358128758,0.0304018018578946,0.0304018018578946,0.0386470645986325,0.0386470645986325,0.0342339610667636,0.0342339610667636,0.0296254236593343,0.0296254236593343,0.0213435639640225,0.0213435639640225,0.0377180724642043,0.0377180724642043,0.030800946697818,0.030800946697818,0.0428873430986606,0.0428873430986606,0.0320041863284575,0.0320041863284575,0.0337447266831877,0.0337447266831877,0.0339372687389619,0.0339372687389619,0.0342339610667636,0.0342339610667636,0.0312811187204567,0.0312811187204567,0.0327726078402083,0.0327726078402083,0.0330343809651032,0.0330343809651032,0.036616041004031,0.036616041004031,0.0245172915911544,0.0245172915911544,0.0277049139355464,0.0277049139355464,0.0429457406821508,0.0429457406821508,0.0292601797959056,0.0292601797959056,0.0497948688567456,0.0497948688567456,0.0418431805504228,0.0418431805504228,0.0342339610667636,0.0342339610667636,0.0386470645986325,0.0386470645986325,0.0296254236593343,0.0296254236593343,0.0327726078402083,0.0327726078402083,0.0382194116215748,0.0382194116215748,0.0382194116215748,0.0382194116215748,0.0382194116215748,0.0382194116215748,0.0363638422607242,0.0363638422607242,0.0374715911699592,0.0374715911699592,0.0366170356438962,0.0366170356438962,0.0292068976129068,0.0292068976129068,0.0313341537724041,0.0313341537724041,0.0314957547963612,0.0314957547963612,0.0382194116215748,0.0382194116215748,0.0296254236593343,0.0296254236593343,0.0379611168696495,0.0379611168696495,0.0370086952383102,0.0370086952383102,0.0382194116215748,0.0382194116215748,0.0382194116215748,0.0382194116215748
2025-02-28,0.0284837232337338,0.0284837232337338,0.0271644432239535,0.0271644432239535,0.0253474400652598,0.0253474400652598,0.0258600584910953,0.0258600584910953,0.027484742293483,0.027484742293483,0.0248868720875512,0.0248868720875512,0.0276437343626159,0.0276437343626159,0.0343216894682655,0.0343216894682655,0.0107337069917729,0.0107337069917729,0.0020292192284053,0.0020292192284053,0.0156881616854758,0.0156881616854758,0.0178515625772748,0.0178515625772748,0.0305799849858976,0.0305799849858976,0.0191665378599358,0.0191665378599358,0.0235736635526471,0.0235736635526471,0.0284837232337338,0.0284837232337338,0.0284837232337338,0.0284837232337338,0.0284837232337338,0.0284837232337338,0.0343216894682655,0.0343216894682655,0.0233181810238684,0.0233181810238684,0.0263501532395766,0.0263501532395766,0.0258600584910953,0.0258600584910953,0.0263735378898182,0.0263735378898182,0.0252987641067594,0.0252987641067594,0.028245679725792,0.028245679725792,0.0279044184419943,0.0279044184419943,0.0252868938801626,0.0252868938801626,0.0275980561986983,0.0275980561986983,0.0260521242442027,0.0260521242442027,0.0285700013232426,0.0285700013232426,0.0300222328776889,0.0300222328776889,0.0028284120252059,0.0028284120252059,0.0051892248637932,0.0051892248637932,0.0258600584910953,0.0258600584910953,0.0284837232337338,0.0284837232337338,0.0252868938801626,0.0252868938801626,0.0286154155317107,0.0286154155317107,0.0246328834579678,0.0246328834579678,0.0288325559222092,0.0288325559222092,0.0240807371084434,0.0240807371084434,0.0351262424983284,0.0351262424983284,0.0346194690272043,0.0346194690272043,0.0292206464719415,0.0292206464719415,0.0299571921083535,0.0299571921083535,0.0271678972314701,0.0271678972314701,0.0004178458346337,0.0004178458346337,0.0252868938801626,0.0252868938801626,0.0279044184419943,0.0279044184419943,0.0275980561986983,0.0275980561986983,0.0246328834579678,0.0246328834579678,0.0287430527382602,0.0287430527382602,0.0287430527382602,0.0287430527382602,0.0287430527382602,0.0287430527382602,0.028453981945666,0.028453981945666,0.0296383888561042,0.0296383888561042,0.0306043286821268,0.0306043286821268,0.0268484947023638,0.0268484947023638,0.0286017137199924,0.0286017137199924,0.0285409455012495,0.0285409455012495,0.0287430527382602,0.0287430527382602,0.0275980561986983,0.0275980561986983,0.0324374185926019,0.0324374185926019,0.0094302480170972,0.0094302480170972,0.0287430527382602,0.0287430527382602,0.0287430527382602,0.0287430527382602
2025-03-31,0.0156745328956521,0.0156745328956521,0.0026725325787098,0.0026725325787098,0.0002925987076363,0.0002925987076363,0.0008395722445714,0.0008395722445714,0.0098095741665164,0.0098095741665164,0.0033051393736887,0.0033051393736887,-0.0071197292468226,-0.0071197292468226,0.0084389575801375,0.0084389575801375,0.0656431965170963,0.0656431965170963,0.031885075165046,0.031885075165046,0.0238499842432091,0.0238499842432091,0.0089944586781448,0.0089944586781448,0.0096245451282895,0.0096245451282895,-0.0019928280719753,-0.0019928280719753,0.0181022212612799,0.0181022212612799,-0.0183637707109715,-0.0183637707109715,-0.0231215899931184,-0.0231215899931184,0.0056934618221077,0.0056934618221077,0.0084389575801375,0.0084389575801375,-0.0017342717520623,-0.0017342717520623,0.0006776055608001,0.0006776055608001,0.0008395722445714,0.0008395722445714,0.0073768610244435,0.0073768610244435,0.0007602902668492,0.0007602902668492,-0.0017954851600791,-0.0017954851600791,0.0124122439505361,0.0124122439505361,0.0036712762272441,0.0036712762272441,0.0049391166257944,0.0049391166257944,0.0193958364952647,0.0193958364952647,-0.0054029279694876,-0.0054029279694876,-0.0059775683301052,-0.0059775683301052,0.0099265960880231,0.0099265960880231,0.0082364815106178,0.0082364815106178,0.0008395722445714,0.0008395722445714,0.0156745328956521,0.0156745328956521,0.0036712762272441,0.0036712762272441,0.0126865875723234,0.0126865875723234,0.0025919427991171,0.0025919427991171,0.0059380641748329,0.0059380641748329,0.0044766738159829,0.0044766738159829,-0.0314229834070596,-0.0314229834070596,-0.0035162224822236,-0.0035162224822236,0.0019567850247758,0.0019567850247758,0.0045826857339039,0.0045826857339039,0.0053603573850485,0.0053603573850485,0.0180783523635624,0.0180783523635624,0.0036712762272441,0.0036712762272441,0.0124122439505361,0.0124122439505361,0.0049391166257944,0.0049391166257944,0.0025919427991171,0.0025919427991171,-0.0031551100336258,-0.0031551100336258,-0.0031551100336258,-0.0031551100336258,-0.0031551100336258,-0.0031551100336258,-0.0102995835248259,-0.0102995835248259,0.0007624234159357,0.0007624234159357,0.0011679145394689,0.0011679145394689,-0.0047797657113664,-0.0047797657113664,0.0173068869876769,0.0173068869876769,0.018085235995289,0.018085235995289,0.0002714350776661,0.0002714350776661,0.0066433864377514,0.0066433864377514,-0.0011230065643424,-0.0011230065643424,0.0037340499039587,0.0037340499039587,-0.0209001475223144,-0.0209001475223144,-0.0044574644590969,-0.0044574644590969
2025-04-30,0.1007805132695786,0.1038242453502679,0.1585098785666173,0.1594351832441377,0.1090251488777246,0.1113916450095765,0.1534199828904909,0.1545719995993403,0.126874653426242,0.1281529581328694,0.0998712075838266,0.102043446302336,0.160299582428217,0.1610639859964368,0.1094727029273558,0.1143765281807893,0.0710872504301369,0.0696184373833239,0.0616453559532942,0.0812359424638309,0.0813567974066048,0.0926328119055709,0.095705314738918,0.0965519842777884,0.0806633310617081,0.0815100006005785,0.1020477926542961,0.1028944621931665,0.0638229411937433,0.0625738554864511,0.084802203929958,0.0536879246333768,0.0552922830540792,0.0542069751048183,0.0876849505696003,0.0832799141986827,0.1094727029273558,0.1143765281807893,0.1563709603021004,0.1545374106870101,0.1413963597366613,0.1426744959556312,0.1534199828904909,0.1545719995993403,0.1372677536622661,0.1377782310060492,0.1494608895870169,0.1463420096708545,0.1429988551614139,0.1434706494603383,0.1416840427293929,0.142326482933871,0.1514762021799966,0.1521916674037194,0.1410529767285985,0.1408310754837695,0.1333645159618356,0.1342796473037014,0.1487592742524725,0.1490745780162008,0.165361400900139,0.1650392468759547,0.1380575413623815,0.1373293849227845,0.094620808305832,0.0919914004174363,0.1534199828904909,0.1534199828904909,0.1007805132695786,0.1007805132695786,0.1514762021799966,0.1521916674037194,0.1212433642502418,0.1200528950299525,0.1583281422611633,0.1566677602174546,0.1347918589016716,0.1342834820807766,0.1614336907892907,0.1598570437256191,0.1035827942022259,0.1126087167783927,0.1209463288301169,0.1216243503732275,0.1448614457907104,0.1440007759627302,0.1516030370663212,0.1491327304436348,0.1752896485696597,0.1741468446733008,0.1447681313797644,0.1433571896111307,0.1514762021799966,0.1514762021799966,0.1416840427293929,0.1416840427293929,0.1410529767285985,0.1410529767285985,0.1583281422611633,0.1583281422611633,0.1479046655418215,0.1479149864267099,0.1479046655418215,0.1479046655418215,0.1479046655418215,0.1479046655418215,0.1417912394769321,0.1417912394769321,0.1435456989981322,0.1435456989981322,0.1327566521256009,0.1327566521256009,0.1149426715422576,0.1149426715422576,0.1576893899941647,0.1576893899941647,0.1542990202790685,0.1542990202790685,0.1493344384177813,0.1493344384177813,0.1546195860994326,0.1546195860994326,0.15437997405548,0.15437997405548,0.1140934643280397,0.1140934643280397,0.1332476212097512,0.1332476212097512,0.1484040564564052,0.1484040564564052
2025-05-30,0.0160298531346589,0.0240384352825762,0.0134559282934436,0.0216356230314141,0.0245846367300572,0.0296095704384449,0.0219946066527019,0.0298776635584701,0.0084257079825927,0.0184550528209265,0.02162185119613,0.0273773740723037,-0.0088621667144823,0.0062948183790641,0.0198575197741855,0.0283289759281782,0.0251100398685403,0.0289099597744643,0.028486539310952,0.0046674597623236,0.0223173778517288,0.0144529379237384,0.0105996908696013,0.0132831218150054,0.0330288754423234,0.0338004140296442,0.0019717302155924,0.0046551611609965,0.0358579904994571,0.0388633081391656,0.0164777268891621,-0.0195138845164707,0.0069879111231241,-0.0228188701312709,0.0145548841445492,0.0133075564227436,0.0198575197741855,0.0283289759281782,0.0543681315059813,0.0635439732221993,0.0245404784868405,0.0314949606413296,0.0219946066527019,0.0298776635584701,0.0316391748761839,0.0387037465764055,0.0328166772716241,0.0433889677910566,0.0095566595693344,0.0174811166228363,0.0256038501898402,0.0345966040456297,0.0323929507053732,0.0401804962099783,0.0005439134979171,0.0120148491131268,0.021342053630735,0.0260255665189177,0.014338973433018,0.0258612146956014,0.0235042395843463,0.0271531165285564,0.019954226672535,0.0232796106477167,0.0313511390407639,0.0329654095460005,0.0319186029882265,0.0319186029882265,0.0218532523739274,0.0218532523739274,0.0323929507053732,0.0401804962099783,0.0132589221659342,0.0187024977060647,0.0235331012466667,0.0308195173390685,0.0158106751391411,0.0189449679792027,0.0299159813349236,0.0357172121265378,0.02668504419619,0.0320664385387756,0.0257261815588101,0.0355549123935527,0.0300340255269674,0.0350677741916172,0.0379050376128013,0.0453916854272848,0.0443797623403468,0.0485142552762462,0.0122624244643061,0.0155451764448738,0.0414248126350899,0.0414248126350899,0.036615856897833,0.036615856897833,0.0111573997453205,0.0111573997453205,0.0304803784134293,0.0304803784134293,0.0277669584625403,0.036169580176627,0.0363659511171835,0.0363659511171835,0.0363659511171835,0.0363659511171835,0.0445211856656955,0.0445211856656955,0.0318361482040339,0.0318361482040339,0.0287559764344177,0.0287559764344177,0.0121439667727864,0.0121439667727864,0.0152854346706922,0.0152854346706922,0.0189173134633473,0.0189173134633473,0.0466184625626127,0.0466184625626127,0.0260561646480457,0.0260561646480457,0.0996624288494769,0.0996624288494769,0.0381605481796271,0.0381605481796271,0.005913921448268,0.005913921448268,0.0348498909957343,0.0348498909957343
2025-06-30,-0.065734711814428,-0.0664681971845849,-0.0398987495159789,-0.0415294953969282,-0.0753398005369836,-0.0769393378874643,-0.040245520738559,-0.040832818079749,-0.0248111559617425,-0.0246490028179647,-0.0628866027997551,-0.064177210093323,-0.0088191687557784,-0.0047386639229509,-0.0593301881745534,-0.0601786321084935,-0.0515585523705708,-0.0411206221879525,-0.1204760542578799,-0.1014764364173551,-0.0929310503189871,-0.0838710970976383,-0.0668110880983088,-0.0734691842384141,-0.0580823155879417,-0.0575778502250981,-0.076055124649577,-0.0692425938181014,-0.052758696846285,-0.0467152237972926,-0.0467728719998548,-0.0251102525178862,-0.0485151375718775,-0.0322349841185598,-0.0568086118395664,-0.0564511372791942,-0.0593301881745534,-0.0601786321084935,-0.0568399412389787,-0.0553675162035318,-0.0400506806728819,-0.0399055653913432,-0.040245520738559,-0.040832818079749,-0.0576871961221201,-0.062029670385339,-0.0522422068485851,-0.0534034368836287,-0.035079686224503,-0.0372870742638293,-0.054280887775925,-0.0600980959018158,-0.0478372408153025,-0.0503042200081617,-0.0169710352405106,-0.0191394392180607,-0.0358184555475207,-0.0371287479397151,-0.0292356801494397,-0.0250363728386568,-0.0182629326178723,-0.0226281649930723,-0.0499978426748153,-0.0608451720094213,-0.0510974117961912,-0.0498151897592924,-0.0443832269436568,-0.0443832269436568,-0.0658639278029315,-0.0658639278029315,-0.0478372408153025,-0.0503042200081617,-0.0649126829533448,-0.0657120602256422,-0.0473133283098742,-0.0474752926523445,-0.0638345834353532,-0.0682007240927484,-0.0415475569895821,-0.0448478172736718,-0.0611941705812035,-0.0502914792273938,-0.0646695386779186,-0.0790510815232229,-0.0618751272166373,-0.0721361173691469,-0.0438439091051127,-0.0567701343259553,-0.0396531156738624,-0.042926528348819,-0.0564857849152336,-0.0641291283807411,-0.0550470304971756,-0.0550470304971756,-0.0604689435655628,-0.0604689435655628,-0.0192608604882367,-0.0192608604882367,-0.0516247941815703,-0.0516247941815703,-0.0359593681102258,-0.0326439962837587,-0.0399393695081261,-0.0399393695081261,-0.0399393695081261,-0.0399393695081261,-0.0471776121420119,-0.0471776121420119,-0.0435781507197042,-0.0435781507197042,-0.0491223491442774,-0.0491223491442774,-0.0347619568724475,-0.0347619568724475,-0.0241367624468374,-0.0241367624468374,-0.0353220597205408,-0.0353220597205408,-0.0371570457106674,-0.0371570457106674,-0.0149936460514903,-0.0149936460514903,-0.0497923640383941,-0.0497923640383941,-0.0425752284648283,-0.0425752284648283,-0.0685588719720107,-0.0685588719720107,-0.0349983673713151,-0.0349983673713151
2025-07-31,0.0383070348271387,0.024363955619705,0.0329436264121389,0.0211498697950216,0.0325357595101057,0.0207152362078717,0.0317905190305609,0.0200761232560756,0.0322015127403398,0.0209879878541725,0.0374625696116717,0.0232537468534784,0.0346617612981254,0.0196775749318394,0.0341044276617139,0.01871772619192,0.071598156299442,0.0599378542415797,0.0822878734641434,0.0632546700209036,0.0604817331388936,0.0439837006127222,0.0404044524111175,0.0329732220339379,0.0420583474803757,0.0402316990102141,0.0410846350849504,0.0378101117592576,0.0411218041077059,0.0409470475625796,0.0221679759205953,0.0296405315622555,0.0248839368407358,0.0199180861413337,-0.0042773142702432,-0.0063762862137498,0.0341044276617139,0.01871772619192,0.0250615106938727,0.0024804544827355,0.0259638310737252,0.0111743862467074,0.0317905190305609,0.0200761232560756,0.0356847602727743,0.0235233210380788,0.0199381178900986,-0.0006167861660169,0.0226585948653696,0.0099873161099098,0.032523982328636,0.022630326311096,0.0294275172725916,0.0170819190077986,0.0247011064970231,0.0116503578795295,0.0370823918600801,0.0187621035843513,0.0442667985384787,0.0336246059818474,0.0283215701798392,0.0134942115625188,0.0271697348613239,0.0205573762208892,0.0278980031863081,0.0317553874370453,0.0194335693256304,0.0194335693256304,0.0273619940402557,0.0273619940402557,0.0294275172725916,0.0170819190077986,0.0354212034153916,0.0229127952443723,0.0312078035431074,0.0193688487685812,0.0323725496288123,0.0188938960742992,0.0303436584620404,0.0181213358140267,0.0364752753497247,0.0221680408687317,0.0382244807710256,0.0236227332063884,0.0376453236956252,0.0222425448424022,0.0374572031528429,0.0221915393569072,0.0343847814899899,0.0193502094522004,0.0212770829317329,0.0158605031078723,0.0162339898875834,0.0162339898875834,0.0231843083907035,0.0231843083907035,0.0138811571047776,0.0138811571047776,0.0182853411346467,0.0182853411346467,0.0417616801134297,0.0303756009859095,0.0300397709221159,0.0300397709221159,0.0300397709221159,0.0300397709221159,0.0229385579672282,0.0229385579672282,0.0362582207874939,0.0362582207874939,0.0369246277705107,0.0369246277705107,0.0094151452212723,0.0094151452212723,0.0189204428107606,0.0189204428107606,0.0210658058076889,0.0210658058076889,0.0286698892399603,0.0286698892399603,0.0135066241825141,0.0135066241825141,0.0298025455692784,0.0298025455692784,0.0315484669771417,0.0315484669771417,0.0284130938055357,0.0284130938055357,0.0523269303887214,0.0523269303887214
2025-08-29,-0.0083397521038101,-0.012862279386082,-0.0062129967484833,-0.0012850156568771,-0.0085157582672924,-0.0083780611958226,-0.0031774558018257,0.0005032820414947,-0.0006402637970673,0.0051400961990965,-0.006588854473228,-0.0069903528627493,-0.0154311037420917,-0.0066457225338546,-0.0026134877101092,-0.008706612877803,0.0094992452673614,-0.0044155615009367,0.0088087886033394,-0.0036716202670689,0.0005491287680736,-0.0080375176203369,-0.0156123055138498,-0.0022045169173354,-0.0153099905818938,-0.0258454779210802,0.0109684625458323,0.0008025726867628,-0.013706153561801,-0.0109789203032046,0.0076220270589636,0.0064394664559345,0.018541251870426,-0.0054856331838495,0.0143188426185459,-0.0027062177246339,-0.0026134877101092,-0.008706612877803,-0.0011204516157321,0.0020365612700939,-0.0075495361120371,-0.0037522971041867,-0.0031774558018257,0.0005032820414947,-0.0089799152930302,-0.007099418911715,-0.0033802569668158,-0.001409094767215,-0.008808294875656,-0.0051365324232364,-0.0092263454697961,-0.0063583796389094,-0.0030492341982526,0.0001371484780289,-0.0100269216036693,-0.0060172323436885,-0.0119318532747469,-0.0073271117332483,-0.0104939603771688,-0.0093665652047049,-0.0040842609192252,0.0032969817865782,-0.006810651648772,0.0063207742381804,-0.0096987401261057,0.0016827290785367,0.0129496337361468,0.0129496337361468,-0.0010529353437169,-0.0010529353437169,-0.0030492341982526,0.0001371484780289,-0.0109625595143548,-0.0121837276467635,-0.005544050947126,-0.0008319501312467,-0.0074540763620179,-0.0091023343970771,-0.0016971202819618,0.0025223339207945,-0.0073204376606226,-0.0096485670172205,-0.009200602052408,-0.011569270111162,-0.010285954981944,-0.0129903542380624,-0.009409469045889,-0.0023820783399538,-0.007252082907486,-0.0025581732551192,-0.0080157905632208,0.0047956554587844,0.01340436134819,0.01340436134819,0.0055573303097926,0.0055573303097926,0.0062100042057848,0.0062100042057848,0.012053384376351,0.012053384376351,-0.0084788229790774,-0.0074068397076591,0.0059134700930416,0.0059134700930416,0.0059134700930416,0.0059134700930416,0.0065145818773238,0.0065145818773238,0.0034860743698698,0.0034860743698698,0.002206977888552,0.002206977888552,0.0091650536761809,0.0091650536761809,0.0042526776737043,0.0042526776737043,0.0035724825964487,0.0035724825964487,0.0083887829087044,0.0083887829087044,0.0086106706876664,0.0086106706876664,0.0056240158032872,0.0056240158032872,0.0036002442424485,0.0036002442424485,-0.0043659975747827,-0.0043659975747827,0.006224006598086,0.006224006598086
2025-09-30,0.0056719121061243,-0.0025460370241677,0.049702867102276,0.05669539268747,0.0379065251121141,0.0299255088017589,0.0596170001921405,0.061663078787669,0.0057483879931744,0.0241001920090602,-0.0001244561632693,-0.005302912447125,0.0293986493327462,0.0219465879120781,-0.024063261474326,-0.0342384907410202,-0.0016436882503316,-0.0034129934571669,-0.0260076790503315,-0.0323927250127653,-0.0099315434637983,-0.0173381159934453,0.0037485963975121,-0.0054036228999941,-0.0201323788821331,-0.0235757612226716,-0.0063277460866954,-0.0222191083713395,-0.0379626887093125,-0.0415909743020149,0.0453680889786637,-0.0019980192274661,0.0314027844942955,-0.0035679698099684,-0.0926750541504062,-0.1102741364096551,-0.024063261474326,-0.0342384907410202,0.0352099576330549,0.0612626260506609,0.065242328961519,0.0766089453942456,0.0596170001921405,0.061663078787669,0.0818580657402121,0.0658555229614462,0.0298354094952166,0.0497755106133126,0.0551356125166388,0.0668716888058496,0.0703750882378592,0.0600385508423985,0.0625476988845383,0.0661047779292535,0.0178723840546208,0.0120837412869206,0.0443175162661105,0.0416636364104296,0.0564277952562416,0.0548267049686039,-0.0007741372984292,0.0061917242726877,0.0534676588849303,0.0556692706614752,-0.0162195603291889,-0.0060414175114426,0.0705789497012976,0.0705789497012976,0.0066746606077453,0.0066746606077453,0.0625476988845383,0.0661047779292535,0.0034447627518316,-0.0103531150048344,0.0565951635405984,0.0574705143471951,-0.0056245751351326,-0.0185749264037123,0.0616062635866219,0.0654376402176469,-0.0095502978788406,-0.0202586643869945,-0.04818925476704,-0.0582497591244551,-0.023423639841508,-0.0421504763350352,-0.0040297168414886,-0.0050858198243052,0.0551710988918178,0.053163525596782,0.0463985562999375,0.0456917913036241,0.0751400563646611,0.0751400563646611,0.0707500351476222,0.0707500351476222,0.0230202094750991,0.0230202094750991,0.0641939469178637,0.0641939469178637,0.055839073556987,0.0580250686333971,0.0673284966300655,0.0673284966300655,0.0673284966300655,0.0673284966300655,0.0686810919120598,0.0686810919120598,0.0654878876992776,0.0654878876992776,0.0603277416917294,0.0603277416917294,0.0286573948389684,0.0286573948389684,0.0202061809474684,0.0202061809474684,0.0145073579619316,0.0145073579619316,0.0659932840896488,0.0659932840896488,0.025572187981497,0.025572187981497,0.0388167594402322,0.0388167594402322,0.056327841377938,0.056327841377938,0.0711365620906487,0.0711365620906487,0.0519662393140357,0.0519662393140357
2025-10-31,-0.0165386233088467,-0.0427458126255865,0.0075714089386713,0.0083427152555339,-0.0100216984238585,-0.0214122741353661,0.0074268963807118,0.0049654874866457,0.0161723283006085,0.0190059567458017,-0.0032692499104808,-0.0170687349562828,0.0137696800987565,0.0279547839966012,0.0005972689126671,-0.0302550682644523,-0.0253345999494195,-0.0446349303796887,0.0128656280154341,0.0127174984745329,-0.0017201901598726,-0.0148589037081077,-0.0057314535689917,-0.0203790933779474,-0.0179401705903765,-0.044123569467489,-0.0316454656095198,0.0002560835133498,0.0056655082395038,-0.0219513856381035,-0.0415958375746657,-0.0098275652187946,-0.0377174614726289,-0.0143062588066783,0.0361599024272415,0.0372313091426721,0.0005972689126671,-0.0302550682644523,0.0236149349571533,0.0261060618669662,0.0075009533686756,0.0105680278727415,0.0074268963807118,0.0049654874866457,-0.012569026147855,-0.0217285373786445,0.0213595419617452,0.0236979235152541,0.010664817820506,0.0155492855439678,-0.014576643061027,-0.0170387848320038,0.0085971924214279,0.0054092143266687,0.0226730468183199,0.0280403410037414,0.0017032140505317,0.0077603252293919,0.0101314498263935,0.0091504718820593,0.0289774873175424,0.0246517831356106,-0.000754486077366,0.000438139014836,0.0141154955119333,0.0111634207505852,0.0005944126694711,0.0005944126694711,-0.0425217602032426,-0.0425217602032426,0.0085971924214279,0.0054092143266687,-0.0073427218336206,-0.0279479720611406,0.0098572009292165,0.0117850906191708,-0.0050554180099061,-0.0248661135426029,0.0125142011590819,0.0120415838357915,0.0057114716278455,-0.0250204260057808,0.0059659199297855,-0.0132426755232551,0.0105183904795996,-0.0080928949564351,0.018659632412332,0.027033220801699,0.0236720636059725,0.02292366399182,0.0029212840486026,0.0065631162129718,-0.0001312981355792,-0.0001312981355792,-0.0319904844180665,-0.0319904844180665,0.0164962626625808,0.0164962626625808,0.0066798973922208,0.0066798973922208,0.0102689926274469,0.0089502118813771,0.0038707977157363,0.0038707977157363,0.0038707977157363,0.0038707977157363,0.0223999474141804,0.0223999474141804,-0.0141422855447384,-0.0141422855447384,-0.0214194736335298,-0.0214194736335298,0.0284371043455018,0.0284371043455018,-0.0057971216492088,-0.0057971216492088,-0.0170321001629223,-0.0170321001629223,-0.0006197785743023,-0.0006197785743023,0.0094418512691821,0.0094418512691821,0.0094405771216454,0.0094405771216454,-0.0091587979984109,-0.0091587979984109,0.0092206282733381,0.0092206282733381,0.0059572765256524,0.0059572765256524
2025-11-28,0.0122240894019861,0.0260438400285122,0.0400616363245484,0.0430127670063552,0.0619002213687952,0.0713293697217645,0.0451666569853996,0.0490352855783284,0.001707302910504,0.0069089648914627,0.0295609773946052,0.0394102981423979,0.0034480172333819,0.0053718381462277,-0.0072118988593685,0.0036250091762706,0.0002497673208547,0.0044797224632186,0.0112909076385096,0.015281996773242,0.0120282320390523,0.0209185179143716,0.0032227844329642,0.017473485348574,-0.0013795586318736,0.0124401914958178,0.0305041880329369,0.0337590928140859,0.0140258756342888,0.0276010853667803,0.0226567972407331,0.0204452811078054,0.0239417559148551,0.0184367404502416,-0.0262647523361988,-0.0260578431461714,-0.0072118988593685,0.0036250091762706,0.0472428335390364,0.0518954799640484,0.0415789762112518,0.0453576574555817,0.0451666569853996,0.0490352855783284,0.0527810926802211,0.0621480672893418,0.0430981041171264,0.0476598559862306,0.0353165804970535,0.0385427655546167,0.0508975732218674,0.0588498030111149,0.0518300344131099,0.0566334416515974,0.0070550576126234,0.0106786948302814,0.0425478440278861,0.0458687319250974,0.0400177194797847,0.0439650823098552,0.0270921165718845,0.0274612137457299,0.0195038395712608,0.0239792746178095,0.0344552331572822,0.0379371558943194,0.0484448390978112,0.0484448390978112,0.0208630765227453,0.0208630765227453,0.0518300344131099,0.0566334416515974,0.013102749454681,0.0227638195692688,0.0482530834886875,0.0535231785798487,0.0127120199169784,0.0207449290597071,0.0522758604142417,0.056300075451265,0.0060204526142577,0.0096519695075855,0.0301464373666371,0.0420800568921032,0.0488842389616796,0.0540644166492353,0.057640494983232,0.0634716546653789,0.0734418678530039,0.0804725932605953,0.0174149405593735,0.0231454709862144,0.0552936472798595,0.0552936472798595,0.0589227888490731,0.0589227888490731,0.0088839059514904,0.0088839059514904,0.052571725110322,0.052571725110322,0.0463512678436526,0.0506158598325831,0.0520481068186058,0.0520481068186058,0.0520481068186058,0.0520481068186058,0.0514618912078758,0.0514618912078758,0.0591463125274879,0.0591463125274879,0.0644197574583133,0.0644197574583133,0.0084537508948809,0.0084537508948809,0.0140586145195749,0.0140586145195749,0.0161940832287525,0.0161940832287525,0.0476241490196387,0.0476241490196387,0.008277388124482,0.008277388124482,0.0328027748584433,0.0328027748584433,0.0397180252790509,0.0397180252790509,0.0520381097071829,0.0520381097071829,0.0475748877453804,0.0475748877453804
2025-12-30,0.0717850624726712,0.0725268944913626,0.0753285743827753,0.0712676248103314,0.0859713746213366,0.0841723837463462,0.0820923799100276,0.0784572190606277,0.0705548410097417,0.0668739200512008,0.088075928035861,0.0879224587895437,0.0576680307671919,0.0521879646536435,0.0536910612931629,0.06053252421978,0.08002629310914,0.0605374501768916,0.0746644896398437,0.0772111592764828,0.0733233712516245,0.0750017863021727,0.0750249984744599,0.0761054569730568,0.0795115006947849,0.0802533297999606,0.0816546770529951,0.0793257800739988,0.0998843875194453,0.0994785271212196,0.0539688824657555,0.0656050326460538,0.0317672873898477,0.0473564972633385,0.033922535289877,0.0253696723250747,0.0536910612931629,0.06053252421978,0.0988204679580748,0.0996352604227314,0.083241185834695,0.07837888114087,0.0820923799100276,0.0784572190606277,0.0974072609081953,0.094996071749652,0.093011294778641,0.0947589408527366,0.0773376654158785,0.0717039286129557,0.0925940206730132,0.0906539056522251,0.0932422879296028,0.0917847712480535,0.0706386838864749,0.0674018354908819,0.0614244639536689,0.0556705765583473,0.0688880781251571,0.065340550075335,0.0480109401212141,0.0476855043626443,0.0866146249645525,0.0833645652421847,0.0819983611097749,0.0778374713646465,0.0811221446541786,0.0811221446541786,0.0717549851394222,0.0717549851394222,0.0932422879296028,0.0917847712480535,0.0671113638752916,0.0652540545290048,0.0823759892253872,0.0802929708449656,0.062663702858401,0.0608368271200305,0.0886548970442368,0.0872861534983505,0.0709741959889008,0.0740635115118597,0.072164514520659,0.0608257744750873,0.0710928395523114,0.0655691750479441,0.0861800338809824,0.0780402287628102,0.0885118819360279,0.0832033478228845,0.0909133312457265,0.088839296412634,0.0919324393258932,0.0919324393258932,0.0916787751134888,0.0916787751134888,0.0706043714895201,0.0706043714895201,0.0804495218665871,0.0804495218665871,0.0810762904716581,0.0766274894832327,0.0808223868935562,0.0808223868935562,0.0808223868935562,0.0808223868935562,0.0851128966089995,0.0851128966089995,0.0827736665617691,0.0827736665617691,0.0830388731962554,0.0830388731962554,0.0774066020178687,0.0774066020178687,0.069729082213769,0.069729082213769,0.0696164110758417,0.0696164110758417,0.0766725041100193,0.0766725041100193,0.0680175088601865,0.0680175088601865,0.089746351572648,0.089746351572648,0.0896272987752079,0.0896272987752079,0.0889607247018505,0.0889607247018505,0.0776163118932589,0.0776163118932589
2026-01-30,0.0993575716493388,0.1050779390030337,0.091313570469267,0.0975994741284886,0.1418298702134918,0.1413095949120115,0.0928197115808042,0.0991378429397256,0.0850406175540547,0.0921340572818415,0.1353058244690635,0.1353308517337965,0.0812616966923865,0.0846852639910825,0.0828009041576976,0.0884233867849153,0.0626363213546574,0.0611004109383213,0.1517862811289972,0.1527849148437625,0.126008409637388,0.1293882131024828,0.0838778412371087,0.0958139880500645,0.0672134790139792,0.0791583652797234,0.0604784659800549,0.0637070359416167,0.0550203128874758,0.0604764560364979,0.1177847653255073,0.1024774382554248,0.1133559404407511,0.0817134085083304,0.0372346689457001,0.0652805087565456,0.0828009041576976,0.0884233867849153,0.0687959256899256,0.0726077033944297,0.0777497883899968,0.0839953568963915,0.0928197115808042,0.0991378429397256,0.131532456596079,0.1393666790780924,0.0799422192368641,0.0833979388282983,0.0810105768718158,0.0876311333882943,0.1257084585007622,0.1345718293541273,0.0946148208269796,0.1016699473795208,0.0862400355057098,0.0904978636747916,0.0860541074100689,0.093273629304241,0.1096067857478649,0.1111224958983907,0.0693015324994841,0.077271804579808,0.0957445163116988,0.1029005400736601,0.0549175691400191,0.0553942542882493,0.0923028337533261,0.0923028337533261,0.1002066738197413,0.1002066738197413,0.0946148208269796,0.1016699473795208,0.115463231301394,0.1151489034997645,0.0926397396940374,0.1004097471219004,0.116360494686315,0.1158125684496067,0.0933460861953758,0.102573600320989,0.1058604152623108,0.1021080813591275,0.1148082294574214,0.1176567892544301,0.1226294094647155,0.1307304416208191,0.0883800640310705,0.1015722695102948,0.0873165237651051,0.1027240975970154,0.0852868494254394,0.0932220581608912,0.0953377786318587,0.0953377786318587,0.1248418327497469,0.1248418327497469,0.0860808987800657,0.0860808987800657,0.0923555185892188,0.0923555185892188,0.1078270972927443,0.1100969819084295,0.1083878432091503,0.1083878432091503,0.1083878432091503,0.1083878432091503,0.085970615328782,0.085970615328782,0.1350506131996371,0.1350506131996371,0.1440320610409698,0.1440320610409698,0.0932125910367174,0.0932125910367174,0.0963360336202053,0.0963360336202053,0.1021526032630527,0.1021526032630527,0.0909065817856737,0.0909065817856737,0.0715182086664025,0.0715182086664025,0.0804658437981729,0.0804658437981729,0.1037777640866504,0.1037777640866504,0.1077154755369121,0.1077154755369121,0.106236351245235,0.106236351245235
2026-02-27,0.0378959191654742,0.0358000968133977,0.0287285405890981,0.0285267964899133,0.0226547049208717,0.0216335768737085,0.0260398013905962,0.0257842201615903,0.0369580137225819,0.0372519283082841,0.0278968428064105,0.0268963801566746,0.0276164528958361,0.0266224944735563,0.0292388241487292,0.0263220127029531,0.0817110216617584,0.0787438885352807,0.020689742491582,0.0193003567758622,0.0294457605399814,0.0277741586081611,0.0508011467330683,0.0511497612416248,0.0496196074895945,0.0499682234588559,0.0476490100735808,0.0456849994467062,0.0326104071017372,0.0324455384227631,0.035813720985396,0.0422956183711457,0.0340311092961226,0.0414405799090981,0.0689110186671059,0.0399473378623441,0.0292388241487292,0.0263220127029531,0.0201718579292259,0.0191255202649608,0.025456952738759,0.0253605995805476,0.0260398013905962,0.0257842201615903,0.0252294074349222,0.0251514998537978,0.0209737217780551,0.0196101734005884,0.0256107352446115,0.0254727662294287,0.028587609511735,0.028326417501653,0.0223507181354439,0.0224108089274303,0.0204811464408995,0.0198470468357303,0.0273089503837234,0.0255900356483606,0.0141779650542586,0.0140388482223364,0.0161476314829272,0.0154713715074969,0.0465110276349023,0.0459965509811761,0.0303298196030012,0.0296560258171176,0.0261241433616832,0.0261241433616832,0.0357024138826871,0.0357024138826871,0.0223507181354439,0.0224108089274303,0.0317118483184777,0.0308216146706489,0.0219633709646547,0.0223626570380703,0.0295793883892667,0.0277444376764554,0.0251658623207383,0.0252668150172524,0.019525499270771,0.0201124100181895,0.0249560526784135,0.0228203491349014,0.0305540091102222,0.0267527264296519,0.0037499551524598,0.0043975922169765,0.0115189552446938,0.0103423212732813,0.0436531710535784,0.0446319516798001,0.0222116960862492,0.0222116960862492,0.0283237702769129,0.0283237702769129,0.0196380345588045,0.0196380345588045,0.0214792075721778,0.0214792075721778,0.0052139615719313,0.0053358477642008,0.0047003596251877,0.0047003596251877,0.0047003596251877,0.0047003596251877,-0.003639826080679,-0.003639826080679,0.0115975995962319,0.0115975995962319,0.0131841907941,0.0131841907941,0.0110195250781853,0.0110195250781853,0.0257896785615568,0.0257896785615568,0.027764983435006,0.027764983435006,0.0093189769996275,0.0093189769996275,0.0235358025290004,0.0235358025290004,-0.0046801561137502,-0.0046801561137502,0.0124773291733742,0.0124773291733742,0.0056802883325556,0.0056802883325556,0.0049783939838469,0.0049783939838469
2026-03-31,0.1510462713215834,0.1489106020751216,0.1643243912212803,0.1468597088066026,0.1564372514382027,0.1532029260112582,0.1613942694811285,0.1459953262474036,0.1344981092318416,0.1182385222168208,0.1180912812585843,0.1056458961135067,0.1665381312984611,0.1663113201525696,0.0961968466244338,0.0963528930608276,0.1535536145737126,0.1516580842665395,0.37029403866255,0.3764049773555484,0.2613185496035223,0.2632256457741458,0.164921903055594,0.1658205113366645,0.1111726112874625,0.1121870664305033,0.1798082359642429,0.1749035820019114,0.0862645781472748,0.0897591928664474,0.1525673315848413,0.1629703936754798,0.1472585450031846,0.1657685865698432,0.1341831772478148,0.1501786797396685,0.0961968466244338,0.0963528930608276,0.1802482985690976,0.1566078473162769,0.148183933791504,0.1356743778937091,0.1613942694811285,0.1459953262474036,0.1731276623676277,0.1647641474538794,0.2046589234219892,0.1841596274723234,0.1492801673781025,0.1359230352573497,0.1722149179709437,0.1631115910639399,0.1590774111006616,0.1423210082431035,0.1616352851785368,0.1610401009914801,0.1842644528515959,0.1681498477886145,0.1693794774944177,0.164724501271754,0.0755680397607971,0.0631761168502053,0.1501786289210641,0.152118936142013,0.0796565757968164,0.0823584109134969,0.1423318443860288,0.1423318443860288,0.1452086139186637,0.1452086139186637,0.1590774111006616,0.1423210082431035,0.1680666971073016,0.173758859520346,0.1548239369389504,0.1400772792891502,0.1448082459861154,0.1497291884145735,0.1565774217194824,0.1403907918507541,0.1499174550044022,0.1516033915270444,0.1633998612537782,0.166223460496169,0.1529987218169025,0.1536850637149684,0.1499703331666063,0.1442361554549237,0.1398489425931129,0.1320227855519639,0.1461219734412369,0.1522721192127304,0.1378556195805467,0.1378556195805467,0.1597692274383797,0.1597692274383797,0.1624911691181133,0.1624911691181133,0.131996874268499,0.131996874268499,0.1699940814995472,0.1650141208682602,0.1601632168647675,0.1601632168647675,0.1601632168647675,0.1601632168647675,0.1609288032882449,0.1609288032882449,0.1604168445249074,0.1604168445249074,0.1578475777714427,0.1578475777714427,0.1732393851188018,0.1732393851188018,0.1633465769762946,0.1633465769762946,0.157811235882598,0.157811235882598,0.1360672606094409,0.1360672606094409,0.1435665849160883,0.1435665849160883,0.2338408053130111,0.2338408053130111,0.1326989351858823,0.1326989351858823,0.1730615926718052,0.1730615926718052,0.1586963393872109,0.1586963393872109
2026-04-30,0.0383636051804042,0.0420989342339999,0.0708115307191501,0.0736357015787479,0.1243839157941103,0.1255475221894352,0.0827224073715016,0.0868079286691677,-0.0209744880712035,-0.0191639722574363,0.0371866691595416,0.0384635092086704,0.0038397673852624,0.0127278768470827,-0.0201372226538179,-0.017290699716642,0.0155793977072247,0.0230121018171946,0.0296584175705714,0.030532019963718,0.0343576102074586,0.0366271610926299,-0.0099648799919846,-0.0028960149382368,0.0199620494584295,0.0342592057203651,0.0215333953671888,0.0265248367222336,0.0612220256921596,0.0662114845498357,0.0196816703078537,0.0458251751791254,0.0211618279797776,0.0306540854044895,-0.0044096803232909,-0.0341816661241512,-0.0201372226538179,-0.017290699716642,0.1001586584165429,0.1036426141529267,0.0757320076150786,0.0794131735071653,0.0827224073715016,0.0868079286691677,0.096711998872469,0.0991645010963512,0.1147560586713679,0.1158766230188742,0.0732281595853812,0.0752071920204242,0.0837055647168017,0.0856593479367086,0.0904701584482948,0.0926884848313364,0.0288706903823765,0.037765916120485,0.0988100254295299,0.1058635443232502,0.116492435300527,0.1194889599396031,0.0130830139170233,0.0155253673235439,0.0168999656428961,0.0311901184047902,0.0768495667549417,0.0816359994501346,0.0820155918167153,0.0820155918167153,0.0370383529828242,0.0370383529828242,0.0904701584482948,0.0926884848313364,0.0268769643299229,0.0325959766044539,0.0927408854858297,0.0973107605945103,0.033296788740556,0.0373159239373401,0.086355179775636,0.0892684827689137,-0.0361038232803681,-0.0362760072522027,0.0281247433733894,0.023231679480406,0.0317533989755715,0.0311281449307637,0.0973173090793185,0.0953815555364731,0.1077868994318699,0.1052151341198763,0.0304989838533335,0.0405103700927031,0.0899270116940736,0.0899270116940736,0.0829519719644107,0.0829519719644107,0.0286268015244146,0.0286268015244146,0.0924809370059977,0.0924809370059977,0.1198183302428422,0.1220778963814535,0.1202001438117136,0.1202001438117136,0.1202001438117136,0.1202001438117136,0.1194476286294055,0.1194476286294055,0.1288110833873677,0.1288110833873677,0.1367456138972295,0.1367456138972295,0.0501124700084549,0.0501124700084549,0.0212681922790999,0.0212681922790999,0.0210308768600801,0.0210308768600801,0.1244828177906094,0.1244828177906094,0.0419060473279706,0.0419060473279706,0.0752797820987118,0.0752797820987118,0.0961749295228976,0.0961749295228976,0.1220135699402854,0.1220135699402854,0.1160418072975214,0.1160418072975214
2026-05-29,0.0671921856975588,0.0657498705322177,0.064697386514186,0.0623501900757696,0.0602919803298153,0.0588137550514761,0.0639392481417433,0.0609218749780211,0.0526740412469668,0.0522260472351338,0.0624410922496491,0.0623110989378517,0.0432486954481027,0.0381736519982909,0.0537755471424023,0.057188467265702,0.1067662561629757,0.0906926615861987,0.1048732384441732,0.0993327409782987,0.0863908074283564,0.0828826707624645,0.0822630880266611,0.0717324622590819,0.0751879853286371,0.0592218708999547,0.0472003712615714,0.0497411313263766,0.0613423931274802,0.0621827531564004,0.094192695677349,0.0435922159009443,0.0809484819071939,0.0455728944428118,0.0627760625268828,0.0746743369896317,0.0537755471424023,0.057188467265702,0.0655275447398883,0.0597730950460683,0.0704624705500262,0.0673364517771346,0.0639392481417433,0.0609218749780211,0.0635280588652698,0.0612983320898622,0.0665545503138577,0.0620758562761642,0.0676585276850734,0.0660858340070694,0.0716710607049154,0.0697496173637841,0.0667890630580095,0.0633321597905381,0.0580147137559744,0.0538865018907668,0.0814337178948151,0.0745881090695429,0.0702617153917742,0.0723824189185537,0.0395470841806233,0.0412579719039551,0.0666854380098329,0.0631916766034253,0.0601671589118052,0.0584084525586436,0.0619822981287584,0.0619822981287584,0.0665000137509025,0.0665000137509025,0.0667890630580095,0.0633321597905381,0.0754925533674552,0.0714622243600038,0.0727937116795935,0.0668801576560681,0.0654436119491393,0.0626831929069611,0.0677757650443943,0.06369552623362,0.0430494212889552,0.0485622986523235,0.078348719294553,0.0781219644365149,0.0726231458677219,0.0778245718520786,0.084073438464458,0.084849862648956,0.0821915274907923,0.0839445551734137,0.0641477076358468,0.0606410086594455,0.0632764987812276,0.0632764987812276,0.0694549945577105,0.0694549945577105,0.0556736621216867,0.0556736621216867,0.0660302822082486,0.0660302822082486,0.07843653057587,0.0785383670926,0.0777173458552688,0.0777173458552688,0.0777173458552688,0.0777173458552688,0.0788165133538484,0.0788165133538484,0.0744304322107846,0.0744304322107846,0.0717221793844347,0.0717221793844347,0.0611169319454159,0.0611169319454159,0.0528862531779916,0.0528862531779916,0.0544248510074121,0.0544248510074121,0.0837944207627661,0.0837944207627661,0.0636325589255371,0.0636325589255371,0.066181308823628,0.066181308823628,0.0634983200715627,0.0634983200715627,0.0795241526273141,0.0795241526273141,0.087343632028593,0.087343632028593
2026-06-30,-0.1219587494036297,-0.124631420640123,-0.106691865925814,-0.1106097682418141,-0.1106685117559594,-0.1148256864618803,-0.1091882432507551,-0.1126208751625305,-0.1043528005203257,-0.1069384992358595,-0.1133146644707715,-0.1172396470921756,-0.1147958942948874,-0.1203280661128851,-0.0925118914432976,-0.0936613951459323,-0.1963759365220018,-0.2078890964016318,-0.1490130582591038,-0.1486466530098165,-0.1351878952646265,-0.1364094169767671,-0.1094543880412548,-0.1325530193972577,-0.1117973657131489,-0.1095709104878544,-0.1327233426640838,-0.134058976200413,-0.1181690534705472,-0.1189083108227378,-0.1080596269492053,-0.1059002204322223,-0.0901744663122815,-0.0803052465266123,-0.1223722500041683,-0.1172396023042611,-0.0925118914432976,-0.0936613951459323,-0.1076078277453889,-0.1119047359993358,-0.1084090580290141,-0.1109383822354024,-0.1091882432507551,-0.1126208751625305,-0.0981927886575601,-0.1002902614854526,-0.1048750623781615,-0.1090581707921152,-0.1038636340969667,-0.1069444434057888,-0.0954340683589583,-0.0967163772130807,-0.1060468199869101,-0.1099699388195556,-0.1043770468203615,-0.108269076486066,-0.1216981573250362,-0.1272769631578629,-0.0932450258952627,-0.0931213283947735,-0.0875820088319757,-0.089494847430921,-0.1000867428655092,-0.1178519106396461,-0.1158283397388951,-0.1150800644798897,-0.1078148091818139,-0.1078148091818139,-0.1196288978388496,-0.1196288978388496,-0.1060468199869101,-0.1099699388195556,-0.1160543223474645,-0.1180294927307218,-0.104164239680681,-0.1097280705139633,-0.1126961135771931,-0.1150217424075659,-0.1073737325490328,-0.1123085743353148,-0.1114272462298365,-0.1106460064622134,-0.0978189454267575,-0.099596645762281,-0.1044466441219332,-0.0984903513547208,-0.0894776266419509,-0.0958294036544527,-0.0956554732224213,-0.0883986197020603,-0.0985918766274571,-0.1188892270597296,-0.1050726496890011,-0.1050726496890011,-0.0941649791991252,-0.0941649791991252,-0.1003122314475049,-0.1003122314475049,-0.1060558939732891,-0.1060558939732891,-0.08862244880426,-0.0884829346136567,-0.085775410428208,-0.085775410428208,-0.085775410428208,-0.085775410428208,-0.0866645435312618,-0.0866645435312618,-0.0822823140155782,-0.0822823140155782,-0.0815015156661662,-0.0815015156661662,-0.1000572835540846,-0.1000572835540846,-0.0988281483295521,-0.0988281483295521,-0.0981858014869569,-0.0981858014869569,-0.0825250280185481,-0.0825250280185481,-0.0987356148297311,-0.0987356148297311,-0.0797271783086408,-0.0797271783086408,-0.0909741984751015,-0.0909741984751015,-0.0733033426849867,-0.0733033426849867,-0.0849537962326066,-0.0849537962326066
2026-07-31,0.0331925865573466,0.0235729092206134,0.0221158291787373,0.0089646228037998,0.02897410822895,0.0185635987091251,0.023070780930358,0.0110374476701979,0.0220019573045577,0.0243975777624448,0.0307179104439407,0.0298118126352651,0.0256367696097981,0.0215075158672279,0.0495441386148465,0.0452768022006692,0.0695494304864903,0.0917539693505005,0.0530516692133274,0.0520629387913232,0.0432899371195388,0.0380411080136931,0.0865585455282064,0.0705870638436511,0.0665506231807891,0.0621321079798701,0.0085012579727118,0.0158796069379276,0.0791022054330939,0.0851157813763394,0.0409034809481347,0.0346000860279169,0.0465553825151195,0.0372478525322727,-0.0239236564671794,0.0069649695295113,0.0495441386148465,0.0452768022006692,0.033975754427562,0.0132550909917504,0.0324868382449791,0.02252533435964,0.023070780930358,0.0110374476701979,0.0215972185878816,0.0105779958597724,0.0388496076299951,0.0167847787031155,0.0340428777960321,0.0232083340648463,0.0218783146928133,0.0109388004587597,0.0307671197330268,0.0172406851045712,0.0316300561743108,0.0227023735197854,0.0207134267581133,0.0091647198439112,0.0251220104078107,0.0127129267837235,0.0392911704912512,0.0249137576453805,0.0663070622309392,0.0425676833384987,0.0444666507218526,0.0540218282674583,0.0084257213204019,0.0084257213204019,0.0239846419383713,0.0239846419383713,0.0307671197330268,0.0172406851045712,0.0351511165966688,0.0234283211154107,0.0278561013501134,0.0117485067362812,0.0333995025537674,0.0231789844275451,0.0338833279844832,0.0200143006507777,0.0374532610417094,0.0315024877405766,0.0393795272866346,0.0319207934166002,0.0421738387036159,0.0445863826446608,0.0389138506449254,0.023156296182445,0.0355934505419094,0.0333404674976737,0.0674812756824713,0.0438718704656414,0.0174453672596617,0.0174453672596617,0.012155862849804,0.012155862849804,0.0239199869122836,0.0239199869122836,0.0124878966683921,0.0124878966683921,0.03881962668526,0.0245231338408928,0.0215378996268289,0.0215378996268289,0.0215378996268289,0.0215378996268289,0.024204632586888,0.024204632586888,0.016707136516185,0.016707136516185,0.016003881003571,0.016003881003571,0.0254526418883535,0.0254526418883535,0.0193462102202353,0.0193462102202353,0.0155447342155546,0.0155447342155546,0.0142993048032867,0.0142993048032867,0.0257852272313635,0.0257852272313635,0.0200804782919172,0.0200804782919172,0.0373577568952537,0.0373577568952537,0.0257211538930758,0.0257211538930758,0.0164331449954393,0.0164331449954393
